day,sentiment_score,acceptance
2020-01-01,0.43565,0.6316154753119614
2020-01-02,0.217825,0.6487569409324245
2020-01-03,0.217825,0.6487569409324245
2020-01-04,0.217825,0.6487569409324245
2020-01-05,0.0,0.6658984065528876
2020-01-06,0.0,0.5710000074817595
2020-01-07,0.29295,0.6678848932233545
2020-01-08,0.8011,0.5334455254216122
2020-01-09,0.0,0.7087966450833683
2020-01-10,0.1101,0.6562992631400495
2020-01-11,-0.18490000000000004,0.6321586265602308
2020-01-12,0.1866,0.6617488916728541
2020-01-13,0.249525,0.6792913707181878
2020-01-14,0.31245,0.6968338497635216
2020-01-15,0.156225,0.6729723412332546
2020-01-16,0.0,0.6491108327029875
2020-01-17,0.0,0.6575915088505488
2020-01-18,0.0,0.6785528249075107
2020-01-19,-0.2023,0.5880902378546126
2020-01-20,0.8122,0.5847202437730539
2020-01-21,0.6588,0.6459141602071041
2020-01-22,0.4393,0.6516828642629702
2020-01-23,0.4074,0.680054038498779
2020-01-24,0.15011666666666665,0.6277032558420734
2020-01-25,-0.10716666666666667,0.575352473185368
2020-01-26,-0.2537333333333333,0.5968625251396864
2020-01-27,-0.4003,0.6183725770940048
2020-01-28,0.0,0.6215002363194707
2020-01-29,0.32926666666666665,0.6616838705719842
2020-01-30,-0.3612,0.6834076855080724
2020-01-31,0.214625,0.7159770059010433
2020-02-01,-0.3612,0.7429789173479098
2020-02-02,0.49826,0.6941138091214019
2020-02-03,0.04829999999999999,0.6701728815716174
2020-02-04,0.392,0.6299207543652222
2020-02-05,0.07955,0.7012731978359212
2020-02-06,0.04628888888888889,0.636611130709153
2020-02-07,0.21329444444444443,0.6322093899860864
2020-02-08,0.38029999999999997,0.6278076492630199
2020-02-09,0.0,0.6352448575471403
2020-02-10,0.14628333333333335,0.6526093806588662
2020-02-11,0.2927916666666667,0.6450257946832052
2020-02-12,0.4393,0.6374422087075441
2020-02-13,-0.4588,0.7039150100342552
2020-02-14,0.5892999999999999,0.6769563983840211
2020-02-15,0.233875,0.6765174049696453
2020-02-16,-0.4868,0.7195543241194194
2020-02-17,0.0,0.6360383244018292
2020-02-18,0.0,0.6516411422550601
2020-02-19,0.0,0.6672439601082909
2020-02-20,0.151625,0.6765274607435112
2020-02-21,0.0,0.6883701908620424
2020-02-22,0.0,0.6718529330204368
2020-02-23,-0.00516,0.6679668741346813
2020-02-24,-0.00516,0.6679668741346813
2020-02-25,-0.01032,0.6640808152489257
2020-02-26,0.4019,0.6247552240060962
2020-02-27,0.31565,0.6534974248797687
2020-02-28,0.31565,0.6534974248797687
2020-02-29,0.31565,0.6534974248797687
2020-03-01,0.31565,0.6534974248797687
2020-03-02,0.2294,0.6822396257534413
2020-03-03,0.11396666666666666,0.670756411024343
2020-03-04,-0.3255166666666667,0.6992123954215135
2020-03-05,-0.3255166666666667,0.6992123954215135
2020-03-06,-0.765,0.727668379818684
2020-03-07,0.0,0.5873994620830606
2020-03-08,0.0,0.6745313750798179
2020-03-09,0.08868749999999999,0.6632524487766879
2020-03-10,0.17737499999999998,0.6519735224735579
2020-03-11,0.015583333333333319,0.6864869775495467
2020-03-12,0.18781666666666666,0.6744924616856611
2020-03-13,0.18781666666666666,0.6744924616856611
2020-03-14,0.36005,0.6624979458217757
2020-03-15,-0.4939,0.7183851366297814
2020-03-16,0.2263,0.7717106826402171
2020-03-17,0.00843333333333332,0.706126298728784
2020-03-18,-0.20943333333333336,0.6405419148173509
2020-03-19,-0.27413333333333334,0.7048734780748896
2020-03-20,-0.09067916666666667,0.6914894703679327
2020-03-21,0.09277500000000001,0.6781054626609758
2020-03-22,0.06957083333333333,0.6727662168264159
2020-03-23,0.06957083333333333,0.6727662168264159
2020-03-24,0.046366666666666646,0.667426970991856
2020-03-25,0.7096,0.6433422739268898
2020-03-26,0.0,0.6330369700183477
2020-03-27,0.4019,0.570417255194238
2020-03-28,0.6249,0.5702719672577964
2020-03-29,0.31245,0.6366921491261051
2020-03-30,0.0,0.7031123309944138
2020-03-31,0.6808,0.7317182935538348
2020-04-01,0.11034999999999998,0.7081034832564197
2020-04-02,-0.4601,0.6844886729590045
2020-04-03,0.4215,0.6124216200300169
2020-04-04,0.0,0.7111350533146544
2020-04-05,0.22644999999999998,0.5629726919665947
2020-04-06,0.146475,0.5942842034841029
2020-04-07,0.296,0.6309981126196943
2020-04-08,0.317,0.6438093941829258
2020-04-09,-0.006424999999999986,0.661078381823476
2020-04-10,-0.32985,0.6783473694640261
2020-04-11,-0.3804,0.6690545958191231
2020-04-12,0.13570000000000002,0.6758745802669595
2020-04-13,0.4019,0.6978871977160247
2020-04-14,0.6318,0.6507575656045436
2020-04-15,0.3159,0.6742744629199398
2020-04-16,0.0,0.6977913602353361
2020-04-17,0.0799,0.6499882160476125
2020-04-18,0.0,0.7218003726293004
2020-04-19,0.24375000000000002,0.7230358013518052
2020-04-20,0.11140833333333335,0.6820374992902214
2020-04-21,0.11140833333333335,0.6820374992902214
2020-04-22,-0.02093333333333332,0.6410391972286376
2020-04-23,0.25195,0.6780033411696625
2020-04-24,0.1607,0.6605851263464348
2020-04-25,0.5151,0.7118602418995037
2020-04-26,0.4212666666666667,0.7261448647605738
2020-04-27,0.0,0.6658609002457566
2020-04-28,0.1967,0.7014082985028909
2020-04-29,0.3934,0.7369556967600251
2020-04-30,-0.14825000000000002,0.6918134502774097
2020-05-01,-0.06425,0.7203386066574599
2020-05-02,0.31845,0.6232774971248012
2020-05-03,0.5859,0.6676482993616685
2020-05-04,0.0,0.6457590350998687
2020-05-05,0.14693333333333333,0.7039584275104905
2020-05-06,0.1163,0.6350457333608774
2020-05-07,-0.22703333333333334,0.6390714154460927
2020-05-08,0.4618,0.7241116890169619
2020-05-09,0.44725,0.6733283118496362
2020-05-10,-0.392,0.669805418560091
2020-05-11,-0.1589,0.6096704280272546
2020-05-12,-0.02065,0.652337916650815
2020-05-13,0.1591,0.5698544414372725
2020-05-14,0.10115,0.7034264050243557
2020-05-15,0.1279142857142857,0.6471168971170129
2020-05-16,0.19852380952380952,0.6664347436781113
2020-05-17,0.26913333333333334,0.6857525902392095
2020-05-18,0.0,0.7071832608393737
2020-05-19,-0.5093,0.7067810910684365
2020-05-20,0.4215,0.5633580157712877
2020-05-21,0.21075,0.6331191204742552
2020-05-22,0.0,0.7028802251772227
2020-05-23,0.3394333333333333,0.6878552849068166
2020-05-24,0.0,0.7019542450295922
2020-05-25,-0.1779,0.6802808553519666
2020-05-26,0.4566333333333333,0.5808054614880002
2020-05-27,0.0,0.6821657314906244
2020-05-28,0.0,0.6472661380348363
2020-05-29,0.0,0.6472661380348363
2020-05-30,0.0,0.6123665445790483
2020-05-31,0.0,0.5170888756150797
2020-06-01,0.0,0.5964626152258119
2020-06-02,0.0,0.6758363548365441
2020-06-03,0.28535,0.618983619463193
2020-06-04,0.5707,0.5621308840898418
2020-06-05,0.0,0.6933946543922158
2020-06-06,-0.04288,0.6874362344208631
2020-06-07,0.7003,0.6119787029860039
2020-06-08,0.4254,0.680818359755383
2020-06-09,0.3226833333333333,0.6719983840825426
2020-06-10,0.21996666666666664,0.6631784084097023
2020-06-11,0.6422333333333333,0.70285845388648
2020-06-12,0.6391166666666667,0.5985439888377988
2020-06-13,0.6391166666666667,0.5985439888377988
2020-06-14,0.636,0.4942295237891176
2020-06-15,0.07955,0.6584214539550381
2020-06-16,-0.07543333333333334,0.6949429101435501
2020-06-17,0.1632333333333333,0.6740802471108319
2020-06-18,0.1632333333333333,0.6740802471108319
2020-06-19,0.4019,0.6532175840781137
2020-06-20,0.0,0.6132057908097084
2020-06-21,0.08214285714285714,0.6812046371599819
2020-06-22,0.0,0.6448975034135624
2020-06-23,-0.0919,0.641689669547882
2020-06-24,-0.0919,0.641689669547882
2020-06-25,-0.1838,0.6384818356822015
2020-06-26,0.11773333333333331,0.6530385358385119
2020-06-27,0.32979166666666665,0.6690846011763252
2020-06-28,0.5418499999999999,0.6851306665141383
2020-06-29,0.27092499999999997,0.6952443865655051
2020-06-30,0.0,0.705358106616872
2020-07-01,0.7411,0.6765821730723414
2020-07-02,0.39177142857142855,0.6707882224984442
2020-07-03,-0.17882499999999998,0.6674281351276271
2020-07-04,0.3271,0.671870953947383
2020-07-05,0.2927666666666667,0.6677203438875322
2020-07-06,0.10155833333333333,0.6770309073765808
2020-07-07,0.10155833333333333,0.6770309073765808
2020-07-08,0.10155833333333333,0.6770309073765808
2020-07-09,-0.08965000000000001,0.6863414708656295
2020-07-10,0.43553333333333333,0.6771799900486853
2020-07-11,0.5812166666666667,0.6744316987470553
2020-07-12,0.5812166666666667,0.6744316987470553
2020-07-13,0.5812166666666667,0.6744316987470553
2020-07-14,0.7269,0.6716834074454254
2020-07-15,0.0,0.6390311228120891
2020-07-16,0.017933333333333332,0.6604880470613759
2020-07-17,0.017933333333333332,0.6604880470613759
2020-07-18,0.035866666666666665,0.6819449713106626
2020-07-19,0.0,0.6410205110501559
2020-07-20,0.0129,0.6033770560264945
2020-07-21,0.0,0.5819005219257165
2020-07-22,0.10004285714285714,0.6691371978624875
2020-07-23,0.5859,0.6540217411938485
2020-07-24,0.10141999999999998,0.7161219406387394
2020-07-25,-0.061100000000000015,0.718567702595551
2020-07-26,0.6265999999999999,0.6467367682180873
2020-07-27,0.15048,0.6831541313685714
2020-07-28,0.48109999999999997,0.66877261853116
2020-07-29,0.27547,0.6865698945152843
2020-07-30,0.06983999999999999,0.7043671704994087
2020-07-31,0.0,0.725495573575923
2020-08-01,0.08398333333333334,0.6800286380808149
2020-08-02,0.16796666666666668,0.6345617025857068
2020-08-03,0.29473333333333335,0.6100096708768896
2020-08-04,0.4215,0.5854576391680725
2020-08-05,0.4215,0.5722739424974133
2020-08-06,0.0,0.6788969576314863
2020-08-07,0.0,0.6329092375018931
2020-08-08,0.0,0.6329092375018931
2020-08-09,0.0,0.5869215173722999
2020-08-10,-0.074,0.6191677078586844
2020-08-11,-0.148,0.6514138983450688
2020-08-12,0.21424999999999994,0.6696300983795853
2020-08-13,0.21424999999999994,0.6696300983795853
2020-08-14,0.5764999999999999,0.6878462984141017
2020-08-15,-0.05363333333333334,0.6859296405346055
2020-08-16,0.350475,0.6692607139964181
2020-08-17,-0.09046666666666665,0.6641208386512213
2020-08-18,0.2294,0.6771498200908335
2020-08-19,0.06876666666666666,0.6817690589847087
2020-08-20,0.11386666666666667,0.6791332469672656
2020-08-21,0.0,0.711918837792135
2020-08-22,0.1591,0.6510237814388422
2020-08-23,0.1591,0.6510237814388422
2020-08-24,0.3182,0.5901287250855494
2020-08-25,0.28095,0.637407851396774
2020-08-26,0.2437,0.6846869777079988
2020-08-27,0.14049999999999999,0.6706323234802257
2020-08-28,0.01392499999999999,0.7126974435635629
2020-08-29,0.0,0.6839320326099293
2020-08-30,0.2942,0.6714903124942223
2020-08-31,-0.0008999999999999841,0.6819829127897354
2020-09-01,-0.296,0.6924755130852485
2020-09-02,0.085975,0.6623565837021597
2020-09-03,0.46795,0.6322376543190708
2020-09-04,0.233975,0.6404753705174875
2020-09-05,0.233975,0.6404753705174875
2020-09-06,0.233975,0.6404753705174875
2020-09-07,0.0,0.6487130867159041
2020-09-08,0.0,0.7211725678670219
2020-09-09,0.4927,0.7098187844290187
2020-09-10,0.0,0.596581309485456
2020-09-11,0.4939,0.6858906393464312
2020-09-12,-0.092,0.6543247496616531
2020-09-13,0.16475,0.6428775334033573
2020-09-14,0.4215,0.6314303171450615
2020-09-15,0.463225,0.6509869265286049
2020-09-16,0.0636,0.6573888621263376
2020-09-17,0.0,0.6455072811402173
2020-09-18,0.6369,0.7219346375843603
2020-09-19,0.521475,0.6890255920849544
2020-09-20,0.40605,0.6561165465855485
2020-09-21,0.1586,0.7061439652118257
2020-09-22,0.4019,0.7056025605730224
2020-09-23,0.24695,0.631393427772206
2020-09-24,-0.3612,0.6703499628168109
2020-09-25,0.0,0.7066769561524334
2020-09-26,0.08781666666666667,0.6606314009257419
2020-09-27,0.20300833333333332,0.6649906651815294
2020-09-28,0.3182,0.669349929437317
2020-09-29,0.0,0.5545161085574204
2020-09-30,0.42125,0.6134862928444321
2020-10-01,0.42125,0.6134862928444321
2020-10-02,0.8425,0.6724564771314439
2020-10-03,0.49128333333333335,0.6649503507628591
2020-10-04,0.14006666666666667,0.6574442243942743
2020-10-05,0.3766285714285714,0.660878164459507
2020-10-06,0.0,0.684690197427665
2020-10-07,0.04686666666666667,0.6457477960077197
2020-10-08,0.12458333333333334,0.6465392432843264
2020-10-09,0.12458333333333334,0.6465392432843264
2020-10-10,0.2023,0.6473306905609333
2020-10-11,0.4019,0.61155138685838
2020-10-12,0.2244,0.6798260075482293
2020-10-13,0.0,0.6890064200009016
2020-10-14,0.22568000000000002,0.6261363391608408
2020-10-15,0.36449,0.6247645733701962
2020-10-16,0.5033,0.6233928075795516
2020-10-17,0.5499,0.6872583005115952
2020-10-18,0.26472500000000004,0.666109860890608
2020-10-19,0.26472500000000004,0.666109860890608
2020-10-20,-0.020449999999999996,0.6449614212696206
2020-10-21,0.0,0.6430348490519655
2020-10-22,0.04594999999999999,0.6262734559027363
2020-10-23,-0.15762500000000002,0.6256112269112486
2020-10-24,-0.15762500000000002,0.6256112269112486
2020-10-25,-0.15762500000000002,0.6256112269112486
2020-10-26,-0.15762500000000002,0.6256112269112486
2020-10-27,-0.3612,0.6249489979197608
2020-10-28,0.0,0.5935365912427624
2020-10-29,0.11273333333333334,0.6635392824872943
2020-10-30,0.05636666666666667,0.5862711465094416
2020-10-31,0.0,0.5090030105315888
2020-11-01,0.0,0.6517522682509003
2020-11-02,0.3062,0.6458098833177133
2020-11-03,0.1531,0.6734445979341059
2020-11-04,0.1531,0.6734445979341059
2020-11-05,0.0,0.7010793125504987
2020-11-06,0.25830000000000003,0.6803002663630191
2020-11-07,0.0,0.6642245123583753
2020-11-08,0.0,0.725241881912697
2020-11-09,0.0,0.7076423955483897
2020-11-10,0.9055,0.6431849494774635
2020-11-11,0.45275,0.6681691075058693
2020-11-12,0.0,0.6931532655342753
2020-11-13,0.10632,0.7089432593245759
2020-11-14,0.26335,0.6784318336227076
2020-11-15,0.26879166666666665,0.6518031904241547
2020-11-16,0.27423333333333333,0.6251745472256017
2020-11-17,0.0,0.6808978991561231
2020-11-18,-0.024400000000000005,0.6460457664799851
2020-11-19,0.2023,0.5803767990233081
2020-11-20,0.2809,0.6277517949237537
2020-11-21,0.3595,0.6751267908241992
2020-11-22,0.6369,0.5914398551795444
2020-11-23,0.4186,0.6326848999663806
2020-11-24,0.2003,0.6739299447532167
2020-11-25,0.23125,0.6405075461297305
2020-11-26,0.6114,0.5546913516397514
2020-11-27,0.3057,0.6325202230413007
2020-11-28,0.0,0.71034909444285
2020-11-29,0.3062,0.7165903651646655
2020-11-30,0.3062,0.7165903651646655
2020-12-01,0.3062,0.7165903651646655
2020-12-02,0.6124,0.7228316358864809
2020-12-03,0.0,0.6632596212509538
2020-12-04,0.0,0.6723380644598015
2020-12-05,0.0,0.6723380644598015
2020-12-06,0.0,0.6814165076686491
2020-12-07,0.0,0.6766581573804682
2020-12-08,0.4926,0.6949564987592844
2020-12-09,0.0,0.6896301287880531
2020-12-10,0.0,0.6886177758988953
2020-12-11,0.100475,0.6875175968709379
2020-12-12,0.100475,0.6875175968709379
2020-12-13,0.100475,0.6875175968709379
2020-12-14,0.20095,0.6864174178429806
2020-12-15,0.320675,0.7012442542044204
2020-12-16,0.320675,0.7012442542044204
2020-12-17,0.4404,0.71607109056586
2020-12-18,0.34522857142857144,0.6961403835320767
2020-12-19,0.34522857142857144,0.6961403835320767
2020-12-20,0.25005714285714287,0.6762096764982933
2020-12-21,0.7035,0.6020350335213255
2020-12-22,0.573775,0.5922786716740586
2020-12-23,0.573775,0.5922786716740586
2020-12-24,0.44405,0.5825223098267917
2020-12-25,0.44503333333333334,0.6216806267630136
2020-12-26,0.4019,0.6170139652527472
2020-12-27,0.4365333333333334,0.6055353282492036
2020-12-28,0.0,0.6980015216760944
2020-12-29,0.23684285714285716,0.6592470173600733
2020-12-30,0.03706666666666667,0.6710428179632465
2020-12-31,0.5594,0.6528856198636841
2021-01-01,0.3869,0.6685343064865428
2021-01-02,0.2144,0.6841829931094014
2021-01-03,0.030649999999999997,0.6699301452799535
2021-01-04,-0.1531,0.6556772974505057
2021-01-05,0.035275,0.6766725327184426
2021-01-06,0.035275,0.6766725327184426
2021-01-07,0.22365000000000002,0.6976677679863795
2021-01-08,0.3953,0.6668400169876089
2021-01-09,0.3157,0.6905851618286833
2021-01-10,0.0,0.5852043099924487
2021-01-11,0.089875,0.6505026684092569
2021-01-12,0.17975,0.7158010268260651
2021-01-13,-0.09809999999999999,0.6256286739825156
2021-01-14,0.2439,0.665368173869512
2021-01-15,0.5859,0.7051076737565083
2021-01-16,0.61095,0.6569374624319799
2021-01-17,0.61095,0.6569374624319799
2021-01-18,0.636,0.6087672511074516
2021-01-19,0.7268,0.6641489866280309
2021-01-20,0.7268,0.6641489866280309
2021-01-21,0.8176,0.7195307221486102
2021-01-22,0.52315,0.6852179645873068
2021-01-23,0.52315,0.6852179645873068
2021-01-24,0.2287,0.6509052070260033
2021-01-25,0.0772,0.624709234637344
2021-01-26,0.3340666666666667,0.675994810733639
2021-01-27,0.18443333333333334,0.6695256364305471
2021-01-28,0.03479999999999998,0.6630564621274552
2021-01-29,0.16236666666666666,0.6451156825968375
2021-01-30,0.08735000000000001,0.6662503850242092
2021-01-31,0.0,0.7030240885673622
2021-02-01,0.4215,0.6709275308745398
2021-02-02,0.0,0.677205301465297
2021-02-03,-0.0007500000000000007,0.6771836508074807
2021-02-04,-0.0015000000000000013,0.6771620001496644
2021-02-05,0.06225625,0.6675034043533117
2021-02-06,0.1260125,0.657844808556959
2021-02-07,0.0,0.6711665639724204
2021-02-08,0.0,0.6763237240476265
2021-02-09,0.1769166666666667,0.6733870779601935
2021-02-10,0.3538333333333334,0.6704504318727604
2021-02-11,0.1755,0.6803053346089953
2021-02-12,0.23072499999999999,0.6865027667418158
2021-02-13,0.28595,0.6927001988746361
2021-02-14,0.4019,0.7048740710176965
2021-02-15,0.20095,0.6744331612363486
2021-02-16,0.20095,0.6744331612363486
2021-02-17,0.0,0.6439922514550007
2021-02-18,0.012866666666666667,0.6477455082914563
2021-02-19,0.025733333333333334,0.6514987651279119
2021-02-20,0.0,0.7168910659883094
2021-02-21,0.0,0.6598785403390921
2021-02-22,0.0,0.6342194431087224
2021-02-23,0.0,0.6085603458783526
2021-02-24,0.0,0.670932748486253
2021-02-25,0.033716666666666666,0.6480326426902417
2021-02-26,0.125,0.6696911601317412
2021-02-27,0.017349999999999997,0.6685233479264349
2021-02-28,0.017349999999999997,0.6685233479264349
2021-03-01,-0.0903,0.6673555357211285
2021-03-02,0.09866666666666667,0.6866433530502364
2021-03-03,0.0,0.5921965688697356
2021-03-04,0.0,0.620103369226608
2021-03-05,0.0,0.6480101695834805
2021-03-06,0.21033333333333334,0.6423956492222042
2021-03-07,-0.296,0.6828144174618216
2021-03-08,0.1806,0.6202985579906715
2021-03-09,0.0903,0.6446749235290803
2021-03-10,0.0903,0.6446749235290803
2021-03-11,0.0,0.6690512890674891
2021-03-12,-0.3802,0.6760375056001944
2021-03-13,-0.109725,0.6546547303220794
2021-03-14,0.32984285714285716,0.6664491684226892
2021-03-15,0.0,0.7427156321013223
2021-03-16,0.0,0.7088183754621706
2021-03-17,0.0,0.674921118823019
2021-03-18,0.03083333333333334,0.6410214562728549
2021-03-19,0.01541666666666667,0.65910240880309
2021-03-20,0.0,0.6771833613333251
2021-03-21,0.0518,0.6915734491932668
2021-03-22,0.0518,0.6915734491932668
2021-03-23,0.1036,0.7059635370532086
2021-03-24,0.0,0.7129711765156825
2021-03-25,-0.2875,0.69846667200943
2021-03-26,-0.14375,0.6962448569462218
2021-03-27,0.0,0.6940230418830136
2021-03-28,0.0,0.6273602469125515
2021-03-29,0.2328,0.6580926778549832
2021-03-30,0.4656,0.6888251087974149
2021-03-31,0.2328,0.6737563960411347
2021-04-01,0.0,0.6586876832848545
2021-04-02,-0.2553,0.6518375371494487
2021-04-03,-0.5106,0.6449873910140429
2021-04-04,-0.22693333333333332,0.6665179739454813
2021-04-05,0.30876000000000003,0.6271375940038502
2021-04-06,0.0,0.5723682420000954
2021-04-07,0.3155,0.6835211631944511
2021-04-08,0.1122,0.6085287723047887
2021-04-09,0.1096,0.6623006688922242
2021-04-10,0.10615000000000001,0.6532473542309137
2021-04-11,0.0,0.6101230536549733
2021-04-12,0.4615,0.618466955322279
2021-04-13,0.4615,0.618466955322279
2021-04-14,0.923,0.6268108569895846
2021-04-15,0.0,0.6951066957287972
2021-04-16,0.0,0.6455353936878632
2021-04-17,0.0794,0.6646530997107916
2021-04-18,0.0,0.6149020034880847
2021-04-19,0.26632500000000003,0.6269944628678175
2021-04-20,0.5326500000000001,0.6390869222475501
2021-04-21,0.3616416666666667,0.6402207729091307
2021-04-22,0.19063333333333332,0.6413546235707114
2021-04-23,0.24179166666666665,0.6781348216953595
2021-04-24,0.29295,0.7149150198200078
2021-04-25,0.22976666666666667,0.6114643997371222
2021-04-26,-0.055116666666666675,0.6014362579041991
2021-04-27,-0.34,0.591408116071276
2021-04-28,0.0,0.7084690103419153
2021-04-29,0.2732,0.6836235896695335
2021-04-30,0.1366,0.6794355181698383
2021-05-01,0.0,0.675247446670143
2021-05-02,0.6369,0.5177697320599189
2021-05-03,0.31845,0.586987384263171
2021-05-04,0.31845,0.586987384263171
2021-05-05,0.0,0.6562050364664231
2021-05-06,0.03423333333333333,0.6628807964415259
2021-05-07,0.31195,0.7180069858564178
2021-05-08,0.13396666666666665,0.6580730708340982
2021-05-09,0.3592,0.7049044675598244
2021-05-10,0.2897,0.7063040168099082
2021-05-11,0.2202,0.707703566059992
2021-05-12,0.7003,0.6771142522288668
2021-05-13,0.36124999999999996,0.7001194397887555
2021-05-14,0.37072499999999997,0.6616879803460938
2021-05-15,0.37072499999999997,0.6616879803460938
2021-05-16,0.37072499999999997,0.6616879803460938
2021-05-17,0.37072499999999997,0.6616879803460938
2021-05-18,0.3802,0.6232565209034321
2021-05-19,0.0,0.7136824577739499
2021-05-20,0.0122,0.6773105837527238
2021-05-21,0.20061666666666667,0.6918855537883564
2021-05-22,0.38903333333333334,0.7064605238239889
2021-05-23,0.5395416666666667,0.7101242497323839
2021-05-24,0.69005,0.7137879756407788
2021-05-25,0.345025,0.710328135763977
2021-05-26,0.0,0.7068682958871754
2021-05-27,0.0,0.6784556795979518
2021-05-28,0.0,0.6500430633087283
2021-05-29,0.3612,0.6396834914570555
2021-05-30,0.1806,0.6650461011832671
2021-05-31,0.1806,0.6650461011832671
2021-06-01,0.1806,0.6650461011832671
2021-06-02,0.0,0.6904087109094789
2021-06-03,0.0,0.6863189293405241
2021-06-04,0.0,0.6822291477715693
2021-06-05,-0.125,0.7091986258626651
2021-06-06,0.0,0.6182662981010654
2021-06-07,0.0,0.6468738048192609
2021-06-08,0.0,0.6468738048192609
2021-06-09,0.0,0.6468738048192609
2021-06-10,0.0,0.6468738048192609
2021-06-11,0.0,0.6754813115374565
2021-06-12,0.0,0.6844697181721757
2021-06-13,0.0,0.6934581248068948
2021-06-14,0.037075,0.6618503079679086
2021-06-15,0.40085000000000004,0.6479140999430058
2021-06-16,0.4939,0.6614714181764217
2021-06-17,0.3182,0.554699522021347
2021-06-18,0.7351,0.5741148676098922
2021-06-19,0.67325,0.5682962676503077
2021-06-20,0.6114,0.5624776676907233
2021-06-21,0.4215,0.6603036690122304
2021-06-22,0.5859,0.6903196981762643
2021-06-23,0.7336499999999999,0.6422644341836835
2021-06-24,0.8814,0.5942091701911028
2021-06-25,0.288925,0.6813520403317842
2021-06-26,0.48433750000000003,0.6547713961392967
2021-06-27,0.48433750000000003,0.6547713961392967
2021-06-28,0.6797500000000001,0.6281907519468092
2021-06-29,0.33987500000000004,0.6371804526279612
2021-06-30,0.0,0.6461701533091133
2021-07-01,0.0995857142857143,0.6724318108651295
2021-07-02,0.5806,0.5987301105192137
2021-07-03,0.0,0.658996838449987
2021-07-04,0.4215,0.6394278241492732
2021-07-05,0.5106,0.6658609367397538
2021-07-06,0.2553,0.687795770137385
2021-07-07,0.0,0.7097306035350163
2021-07-08,0.14114,0.6573565760722986
2021-07-09,0.08036666666666667,0.6882043679407518
2021-07-10,0.0,0.657205000290417
2021-07-11,0.0,0.6612567637718278
2021-07-12,0.0,0.6653085272532387
2021-07-13,0.4071,0.7135480172583978
2021-07-14,-0.04035,0.6385942806565892
2021-07-15,0.0852,0.6358835929579847
2021-07-16,0.0852,0.6358835929579847
2021-07-17,0.21075,0.6331729052593802
2021-07-18,0.0,0.6957596644456544
2021-07-19,0.20995,0.635149855904776
2021-07-20,0.4199,0.5745400473638976
2021-07-21,0.20995,0.6184013916821868
2021-07-22,0.20995,0.6184013916821868
2021-07-23,0.0,0.6622627360004759
2021-07-24,0.7717,0.6567146008096331
2021-07-25,0.0,0.6978474476438461
2021-07-26,0.0,0.6239778283119398
2021-07-27,-0.0129,0.7349611182439306
2021-07-28,0.4588,0.6430437402080601
2021-07-29,0.2997,0.66787334056539
2021-07-30,0.2849,0.6777273182771921
2021-07-31,0.14245,0.6895766319590175
2021-08-01,0.0,0.7014259456408429
2021-08-02,0.2997,0.6560919543200654
2021-08-03,0.6388333333333334,0.63937202414769
2021-08-04,0.0,0.6760479576484946
2021-08-05,0.1591,0.6616015649815568
2021-08-06,0.0,0.676782759223217
2021-08-07,0.1901,0.6634128906664882
2021-08-08,0.1901,0.6634128906664882
2021-08-09,0.1901,0.6634128906664882
2021-08-10,0.1901,0.6634128906664882
2021-08-11,0.1901,0.6634128906664882
2021-08-12,0.1901,0.6634128906664882
2021-08-13,0.3802,0.6500430221097595
2021-08-14,-0.0258,0.6453798090517833
2021-08-15,0.0,0.6494430822612128
2021-08-16,0.0,0.6248370601177285
2021-08-17,0.0,0.6248370601177285
2021-08-18,0.0,0.6002310379742443
2021-08-19,0.0,0.6513622418825666
2021-08-20,0.0,0.6513622418825666
2021-08-21,0.0,0.6513622418825666
2021-08-22,0.0,0.6513622418825666
2021-08-23,0.0,0.7024934457908891
2021-08-24,0.0,0.648750831670809
2021-08-25,0.0,0.648750831670809
2021-08-26,0.0,0.648750831670809
2021-08-27,0.0,0.5950082175507291
2021-08-28,0.148,0.6315891796721468
2021-08-29,0.0,0.6452794696706101
2021-08-30,-0.3163,0.6956461991069802
2021-08-31,0.0129,0.6729696518597477
2021-09-01,0.0,0.5872194993704349
2021-09-02,0.0,0.6365080453592342
2021-09-03,0.28595,0.6932056348814652
2021-09-04,0.142975,0.6721644198357568
2021-09-05,0.142975,0.6721644198357568
2021-09-06,0.0,0.6511232047900483
2021-09-07,0.0,0.6695650820941761
2021-09-08,0.0,0.6695650820941761
2021-09-09,0.0,0.688006959398304
2021-09-10,0.0,0.6558394669792035
2021-09-11,0.18765,0.6603464976688418
2021-09-12,0.3753,0.66485352835848
2021-09-13,0.0,0.6658883665979087
2021-09-14,0.0,0.6677415364157187
2021-09-15,0.0,0.6695947062335285
2021-09-16,0.2732,0.5939145901891434
2021-09-17,0.4926,0.6574623657866753
2021-09-18,0.5477,0.6393431081233457
2021-09-19,0.0,0.6857242979375199
2021-09-20,0.41105,0.6388160821195626
2021-09-21,0.8221,0.5919078663016054
2021-09-22,0.6025750000000001,0.6118081103172218
2021-09-23,0.6025750000000001,0.6118081103172218
2021-09-24,0.6025750000000001,0.6118081103172218
2021-09-25,0.38305,0.6317083543328382
2021-09-26,0.4215,0.6034254601713809
2021-09-27,0.470325,0.6363336477001086
2021-09-28,0.470325,0.6363336477001086
2021-09-29,0.470325,0.6363336477001086
2021-09-30,0.470325,0.6363336477001086
2021-10-01,0.470325,0.6363336477001086
2021-10-02,0.51915,0.6692418352288363
2021-10-03,0.259575,0.6746503984417542
2021-10-04,0.0,0.6800589616546722
2021-10-05,0.31925000000000003,0.6848847946347071
2021-10-06,0.31925000000000003,0.6848847946347071
2021-10-07,0.6385000000000001,0.689710627614742
2021-10-08,0.3802,0.6942224263124729
2021-10-09,0.09806666666666668,0.6236250427096143
2021-10-10,0.01683333333333334,0.6295067974384804
2021-10-11,-0.0644,0.6353885521673465
2021-10-12,0.0,0.6291729711196391
2021-10-13,0.0,0.6875713138468882
2021-10-14,0.0,0.7459696565741373
2021-10-15,-0.1292,0.7070382220380151
2021-10-16,-0.1292,0.7070382220380151
2021-10-17,-0.2584,0.6681067875018931
2021-10-18,0.16715,0.6649257836286654
2021-10-19,0.5927,0.6617447797554377
2021-10-20,0.29635,0.6568729113615881
2021-10-21,0.29635,0.6568729113615881
2021-10-22,0.0,0.6520010429677386
2021-10-23,0.0,0.6633435158981036
2021-10-24,0.0,0.6746859888284685
2021-10-25,0.0,0.6877788847648066
2021-10-26,0.0193,0.6674230393574199
2021-10-27,0.0193,0.6674230393574199
2021-10-28,0.0193,0.6674230393574199
2021-10-29,0.0386,0.6470671939500331
2021-10-30,0.057575,0.6594677812353158
2021-10-31,0.057575,0.6594677812353158
2021-11-01,0.07655,0.6718683685205984
2021-11-02,0.038275,0.677305548742061
2021-11-03,0.0,0.6827427289635234
2021-11-04,0.0,0.6549323722389695
2021-11-05,0.085,0.6964694564577016
2021-11-06,0.17,0.7380065406764338
2021-11-07,0.085,0.7042198826202999
2021-11-08,0.085,0.7042198826202999
2021-11-09,0.0,0.6704332245641659
2021-11-10,0.418,0.6790597510039846
2021-11-11,0.836,0.6876862774438033
2021-11-12,0.48874999999999996,0.6942297205706711
2021-11-13,0.1415,0.7007731636975388
2021-11-14,0.07075,0.7059813656649995
2021-11-15,0.0,0.7111895676324601
2021-11-16,0.2227,0.7105456914663821
2021-11-17,0.4454,0.7099018153003043
2021-11-18,-0.38585,0.6571439331174187
2021-11-19,0.3938,0.6824529531928503
2021-11-20,0.2947375,0.6681601654873087
2021-11-21,0.2947375,0.6681601654873087
2021-11-22,0.195675,0.6538673777817672
2021-11-23,0.4497,0.6848683569055808
2021-11-24,0.6249,0.6582623765928286
2021-11-25,0.9678,0.5945792383960289
2021-11-26,0.69465,0.6109265426756958
2021-11-27,0.4215,0.6272738469553627
2021-11-28,0.4491,0.6375020328823864
2021-11-29,0.4767,0.6477302188094101
2021-11-30,0.25943333333333335,0.670552237228697
2021-12-01,0.07655,0.6928607253667152
2021-12-02,0.0386,0.6924943198309214
2021-12-03,0.0,0.6294875703302643
2021-12-04,0.0,0.6662173074063392
2021-12-05,0.0015125,0.6804820993160194
2021-12-06,0.003025,0.6947468912256997
2021-12-07,0.047562499999999994,0.7016206692949329
2021-12-08,0.09209999999999999,0.7084944473641663
2021-12-09,0.216275,0.6901864510035801
2021-12-10,0.34045000000000003,0.6718784546429939
2021-12-11,0.2023,0.692686257084963
2021-12-12,0.19416666666666663,0.6516805274440989
2021-12-13,0.7351,0.6955775515095761
2021-12-14,0.0,0.7163560987836907
2021-12-15,-0.08895,0.6764673086408284
2021-12-16,-0.1779,0.6365785184979662
2021-12-17,0.13068333333333335,0.6504380011002512
2021-12-18,0.4392666666666667,0.6642974837025362
2021-12-19,0.0,0.7399591252904121
2021-12-20,0.12419999999999999,0.7047430127374694
2021-12-21,0.0,0.6936479439715539
2021-12-22,0.4019,0.6062554647449744
2021-12-23,0.4465,0.6523216314412567
2021-12-24,0.42965,0.6674310005346633
2021-12-25,0.27115,0.6269358331082677
2021-12-26,0.316175,0.6598315273575769
2021-12-27,0.3612,0.692727221606886
2021-12-28,0.1806,0.6873018582261766
2021-12-29,0.1806,0.6873018582261766
2021-12-30,0.1806,0.6873018582261766
2021-12-31,0.1806,0.6873018582261766
2022-01-01,0.1806,0.6873018582261766
2022-01-02,0.0,0.6818764948454672
2022-01-03,0.105375,0.6076561158812479
2022-01-04,0.105375,0.6076561158812479
2022-01-05,0.105375,0.6076561158812479
2022-01-06,0.21075,0.5334357369170287
2022-01-07,0.0,0.6928758937377522
2022-01-08,0.0,0.6988216605047861
2022-01-09,0.0,0.7047674272718202
2022-01-10,0.0,0.7055045818244833
2022-01-11,0.0,0.7055045818244833
2022-01-12,0.0,0.7055045818244833
2022-01-13,0.0,0.7055045818244833
2022-01-14,0.0,0.7062417363771464
2022-01-15,0.4019,0.672975699960577
2022-01-16,0.18036666666666668,0.69226947972717
2022-01-17,-0.2548666666666667,0.7097971747067959
2022-01-18,-0.6901,0.7273248696864217
2022-01-19,0.17,0.679076680885133
2022-01-20,0.1806,0.6802440882871779
2022-01-21,-0.4939,0.6853623761187033
2022-01-22,0.11225000000000002,0.6969023601756672
2022-01-23,0.11225000000000002,0.6969023601756672
2022-01-24,0.11225000000000002,0.6969023601756672
2022-01-25,0.7184,0.708442344232631
2022-01-26,0.6588,0.6280497408512149
2022-01-27,-0.15699999999999997,0.7100238670004642
2022-01-28,0.6486,0.7178227732940845
2022-01-29,0.25020000000000003,0.6736587390498272
2022-01-30,0.2202,0.6881993112806921
2022-01-31,0.0,0.7133861333192029
2022-02-01,0.12373333333333332,0.6766226587356519
2022-02-02,0.24746666666666664,0.639859184152101
2022-02-03,0.21403333333333333,0.666147792862438
2022-02-04,0.21403333333333333,0.666147792862438
2022-02-05,0.21403333333333333,0.666147792862438
2022-02-06,0.1806,0.6924364015727749
2022-02-07,0.246,0.6923416608166351
2022-02-08,0.4227,0.674608081740861
2022-02-09,0.4227,0.674608081740861
2022-02-10,0.5994,0.6568745026650868
2022-02-11,0.0,0.718108542251865
2022-02-12,0.0,0.6880127401015022
2022-02-13,0.0,0.6880127401015022
2022-02-14,0.0,0.6579169379511391
2022-02-15,0.0,0.7200267368737255
2022-02-16,0.26335,0.7182882769899681
2022-02-17,0.5267,0.7165498171062107
2022-02-18,0.624,0.6752591612485378
2022-02-19,0.6597,0.6941751816041652
2022-02-20,0.5406,0.7026723647814859
2022-02-21,0.4215,0.7111695479588064
2022-02-22,0.41169999999999995,0.6804511909833544
2022-02-23,0.41169999999999995,0.6804511909833544
2022-02-24,0.41169999999999995,0.6804511909833544
2022-02-25,0.41169999999999995,0.6804511909833544
2022-02-26,0.4019,0.6497328340079023
2022-02-27,0.20095,0.6663163437518422
2022-02-28,0.20095,0.6663163437518422
2022-03-01,0.20095,0.6663163437518422
2022-03-02,0.0,0.6828998534957822
2022-03-03,0.08895,0.6754054914895142
2022-03-04,0.1226875,0.6849270177095745
2022-03-05,0.156425,0.694448543929635
2022-03-06,0.5272,0.6997526450097445
2022-03-07,0.4588,0.7364019624226265
2022-03-08,0.184925,0.7164286016268058
2022-03-09,0.184925,0.7164286016268058
2022-03-10,0.184925,0.7164286016268058
2022-03-11,0.184925,0.7164286016268058
2022-03-12,0.184925,0.7164286016268058
2022-03-13,-0.08895,0.6964552408309852
2022-03-14,0.028799999999999992,0.6670956982533096
2022-03-15,0.0,0.7367475166993164
2022-03-16,0.8313,0.6293359777001598
2022-03-17,0.34435,0.6761702452690901
2022-03-18,0.547225,0.6943725106607359
2022-03-19,0.7501,0.7125747760523818
2022-03-20,0.7294499999999999,0.6697894381517553
2022-03-21,0.7088,0.6270041002511287
2022-03-22,0.0,0.6473910094863998
2022-03-23,-0.06698333333333333,0.6706235253560688
2022-03-24,-0.13396666666666665,0.6938560412257377
2022-03-25,0.5165500000000001,0.7132666346276983
2022-03-26,0.25827500000000003,0.6985774395653399
2022-03-27,0.0,0.6838882445029814
2022-03-28,0.22315,0.6648550087402259
2022-03-29,0.111575,0.6591101479862607
2022-03-30,0.111575,0.6591101479862607
2022-03-31,0.111575,0.6591101479862607
2022-04-01,0.0,0.6533652872322955
2022-04-02,0.13457,0.6760479066859378
2022-04-03,0.26914,0.6987305261395802
2022-04-04,0.4215,0.6612421542029278
2022-04-05,0.0772,0.7482275953999388
2022-04-06,0.46055,0.6883722217725642
2022-04-07,0.8439,0.6285168481451896
2022-04-08,0.4738,0.5952186972248742
2022-04-09,-0.1366,0.7131785179632981
2022-04-10,-0.0683,0.7114040942574971
2022-04-11,-0.0683,0.7114040942574971
2022-04-12,-0.0683,0.7114040942574971
2022-04-13,-0.0683,0.7114040942574971
2022-04-14,0.0,0.709629670551696
2022-04-15,0.31845,0.6822760541541426
2022-04-16,0.6369,0.6549224377565891
2022-04-17,0.6114,0.633817168311064
2022-04-18,0.63935,0.6450429320981071
2022-04-19,0.0258,0.685905103941796
2022-04-20,0.0,0.6758042674724132
2022-04-21,0.19266666666666668,0.6438293294125048
2022-04-22,0.0,0.6729349564901475
2022-04-23,-0.4019,0.7262927849528553
2022-04-24,0.0,0.6631979021356104
2022-04-25,0.2037,0.6967319136367075
2022-04-26,0.0086,0.6805794296896877
2022-04-27,0.1494,0.7053720024981334
2022-04-28,0.21350000000000002,0.6879341411399725
2022-04-29,-0.4926,0.6947269022120258
2022-04-30,-0.24655,0.7169555827438783
2022-05-01,-0.0005000000000000004,0.7391842632757306
2022-05-02,0.28253333333333336,0.6933885449726235
2022-05-03,0.2086,0.7066305183007842
2022-05-04,0.0,0.6657268966421194
2022-05-05,0.37895,0.6814026837677456
2022-05-06,0.7579,0.6970784708933717
2022-05-07,0.3212375,0.7005221391593723
2022-05-08,0.3212375,0.7005221391593723
2022-05-09,-0.115425,0.703965807425373
2022-05-10,-0.0577125,0.6989459991821654
2022-05-11,0.0,0.6939261909389577
2022-05-12,0.227775,0.6714583707974764
2022-05-13,-0.1548,0.7170069452738945
2022-05-14,-0.04305000000000002,0.7027030690737259
2022-05-15,0.246025,0.6598877518566723
2022-05-16,0.3322125,0.673464072865374
2022-05-17,0.4184,0.6870403938740758
2022-05-18,-0.12104999999999999,0.6913776084187742
2022-05-19,0.50022,0.6796435709403376
2022-05-20,0.42596,0.7099074770004032
2022-05-21,0.271805,0.7007387340438046
2022-05-22,0.271805,0.7007387340438046
2022-05-23,0.11765,0.691569991087206
2022-05-24,0.0,0.7525474972278193
2022-05-25,-0.017142857142857144,0.7228941319416952
2022-05-26,-0.03428571428571429,0.693240766655571
2022-05-27,0.24463999999999997,0.689274744460374
2022-05-28,0.39505,0.6431053394369293
2022-05-29,0.20053333333333334,0.690894951526064
2022-05-30,0.12095,0.6545615759921717
2022-05-31,-0.0386,0.7039629191734535
2022-06-01,0.0,0.7021018118016769
2022-06-02,0.214775,0.6927771635167108
2022-06-03,0.42955,0.6834525152317447
2022-06-04,-0.046833333333333345,0.6964445981406286
2022-06-05,0.1543,0.7096868844641054
2022-06-06,-0.08062,0.6941262109767112
2022-06-07,-0.5719,0.6839224434956651
2022-06-08,-0.28595,0.6923040180624924
2022-06-09,-0.28595,0.6923040180624924
2022-06-10,0.0,0.7006855926293197
2022-06-11,0.43275,0.6790313343279412
2022-06-12,0.27915,0.666043979358051
2022-06-13,0.139575,0.6745517226367406
2022-06-14,0.0,0.6830594659154301
2022-06-15,0.1368,0.6604456890132777
2022-06-16,0.038674999999999994,0.6808250046834652
2022-06-17,0.038674999999999994,0.6808250046834652
2022-06-18,-0.05945000000000002,0.7012043203536527
2022-06-19,0.3374333333333333,0.6456390673404728
2022-06-20,0.4496,0.7175468120301995
2022-06-21,0.4258625,0.7076961593185294
2022-06-22,0.4258625,0.7076961593185294
2022-06-23,0.4258625,0.7076961593185294
2022-06-24,0.4258625,0.7076961593185294
2022-06-25,0.4258625,0.7076961593185294
2022-06-26,0.4258625,0.7076961593185294
2022-06-27,0.4258625,0.7076961593185294
2022-06-28,0.4258625,0.7076961593185294
2022-06-29,0.4258625,0.7076961593185294
2022-06-30,0.4258625,0.7076961593185294
2022-07-01,0.4258625,0.7076961593185294
2022-07-02,0.40212499999999995,0.6978455066068592
2022-07-03,0.35391249999999996,0.6748171001174168
2022-07-04,0.3057,0.6517886936279744
2022-07-05,0.2202,0.6445704241269905
2022-07-06,0.1486333333333333,0.703524542530979
2022-07-07,0.19641666666666668,0.6794221268826992
2022-07-08,0.33655833333333335,0.7034970272644125
2022-07-09,0.33655833333333335,0.7034970272644125
2022-07-10,0.33655833333333335,0.7034970272644125
2022-07-11,0.4767,0.727571927646126
2022-07-12,0.35,0.6542301821258985
2022-07-13,0.13343333333333332,0.6517335826555456
2022-07-14,0.39114166666666667,0.6717517022535204
2022-07-15,0.64885,0.6917698218514952
2022-07-16,0.609775,0.6550342801763296
2022-07-17,0.609775,0.6550342801763296
2022-07-18,0.609775,0.6550342801763296
2022-07-19,0.5707,0.618298738501164
2022-07-20,0.28535,0.6536758889987745
2022-07-21,0.28535,0.6536758889987745
2022-07-22,0.0,0.689053039496385
2022-07-23,0.4003,0.670031065792542
2022-07-24,-0.2235,0.6966874573569374
2022-07-25,0.44822500000000004,0.6865854323993721
2022-07-26,0.3036625,0.7028530859248039
2022-07-27,0.1591,0.7191207394502356
2022-07-28,0.4019,0.6858978304372092
2022-07-29,0.3307333333333333,0.6696013928031256
2022-07-30,-0.030557142857142856,0.6843858213633769
2022-07-31,0.17020000000000002,0.7029433685976728
2022-08-01,0.0,0.6339691776139219
2022-08-02,0.5751,0.6983487605203316
2022-08-03,0.722,0.676185474536726
2022-08-04,0.8689,0.6540221885531204
2022-08-05,0.2235,0.6738249885917892
2022-08-06,0.0,0.6785382146702913
2022-08-07,0.0,0.6582354527063137
2022-08-08,0.0,0.6924891953881597
2022-08-09,0.0,0.6924891953881597
2022-08-10,0.0,0.7267429380700057
2022-08-11,-0.13053333333333333,0.6826073142233127
2022-08-12,0.0,0.6876418915311924
2022-08-13,0.0,0.6668558508897668
2022-08-14,0.28535,0.6700006528815543
2022-08-15,0.580075,0.6809000217124204
2022-08-16,0.8748,0.6917993905432863
2022-08-17,0.1556,0.6788147029185687
2022-08-18,0.31055,0.6794238673379094
2022-08-19,0.46549999999999997,0.6800330317572502
2022-08-20,0.44089999999999996,0.6855664549732527
2022-08-21,0.4163,0.6910998781892552
2022-08-22,0.6905,0.6852541187419243
2022-08-23,0.34525,0.6894629890925129
2022-08-24,0.0,0.6936718594431015
2022-08-25,-0.3288,0.7069370644204506
2022-08-26,-0.6576,0.7202022693977996
2022-08-27,-0.10128333333333331,0.7166275538529951
2022-08-28,0.45503333333333335,0.7130528383081906
2022-08-29,0.5332166666666667,0.6598110153532295
2022-08-30,0.6114,0.6065691923982683
2022-08-31,0.4958,0.6605193736042514
2022-09-01,0.3802,0.7144695548102346
2022-09-02,0.09465,0.7184629387255889
2022-09-03,0.09465,0.7184629387255889
2022-09-04,0.09465,0.7184629387255889
2022-09-05,-0.1909,0.7224563226409432
2022-09-06,-0.09545,0.6799291661127592
2022-09-07,0.0,0.6374020095845753
2022-09-08,-0.21280000000000002,0.6849634735447123
2022-09-09,-0.23156666666666667,0.6843001950831368
2022-09-10,0.4939,0.6420975061752854
2022-09-11,0.33525,0.660956211592295
2022-09-12,0.0,0.7089730441442531
2022-09-13,0.0,0.6914691928376526
2022-09-14,0.34,0.6771791715146013
2022-09-15,0.41695000000000004,0.6729705351710634
2022-09-16,0.41695000000000004,0.6729705351710634
2022-09-17,0.4939,0.6687618988275256
2022-09-18,0.2513714285714286,0.6863509525109881
2022-09-19,0.008842857142857137,0.7039400061944505
2022-09-20,0.004421428571428568,0.6984680090104747
2022-09-21,0.0,0.692996011826499
2022-09-22,0.0,0.676267199795793
2022-09-23,0.0,0.676267199795793
2022-09-24,0.0,0.676267199795793
2022-09-25,0.0,0.659538387765087
2022-09-26,0.0918875,0.6624746751660708
2022-09-27,0.183775,0.6654109625670548
2022-09-28,0.1366,0.686635448197692
2022-09-29,0.0,0.6678596251899162
2022-09-30,0.0,0.6562471222814886
2022-10-01,0.0,0.6867859220532343
2022-10-02,0.11084000000000001,0.6832843327361383
2022-10-03,0.2111,0.7445658691727329
2022-10-04,0.296,0.7259674269518972
2022-10-05,0.20185,0.7076574026508478
2022-10-06,0.1077,0.6893473783497984
2022-10-07,-0.148,0.6997287936042578
2022-10-08,-0.174475,0.702864787652602
2022-10-09,-0.20095,0.7060007817009463
2022-10-10,-0.2023,0.6677932761905836
2022-10-11,-0.025175,0.6952111473692677
2022-10-12,0.10606666666666666,0.6700343681627695
2022-10-13,0.3581833333333333,0.6680538805581695
2022-10-14,0.6103,0.6660733929535694
2022-10-15,-0.5994,0.7116501567663466
2022-10-16,0.01903333333333333,0.6776647811469724
2022-10-17,-0.7717,0.7524325857150682
2022-10-18,-0.5994,0.7218553881889501
2022-10-19,-0.1366,0.7168206997856412
2022-10-20,0.5707,0.6346025563960033
2022-10-21,0.28535,0.653950252450723
2022-10-22,0.0,0.6732979485054429
2022-10-23,0.09545,0.7012091421188484
2022-10-24,0.047725,0.7235936663516607
2022-10-25,0.0,0.7459781905844728
2022-10-26,0.056866666666666656,0.7163568105108133
2022-10-27,0.3818,0.7486508830995084
2022-10-28,0.16751666666666667,0.6997943253258274
2022-10-29,0.80625,0.6703260657929521
2022-10-30,0.0,0.7050643615227918
2022-10-31,0.006299999999999995,0.7016684389328959
2022-11-01,-0.31195,0.7041112573744794
2022-11-02,0.037733333333333334,0.6940482697106284
2022-11-03,0.0,0.6714204004338648
2022-11-04,0.08776666666666666,0.7065745971857398
2022-11-05,0.13513333333333333,0.6620083468364594
2022-11-06,-0.2256,0.7274008222886496
2022-11-07,0.3010333333333333,0.7189971770142436
2022-11-08,0.5482,0.6734031343874846
2022-11-09,-0.34445000000000003,0.7048414436702756
2022-11-10,0.13396666666666665,0.6960536154091316
2022-11-11,0.14615999999999998,0.687238559007193
2022-11-12,0.0,0.7035989160851257
2022-11-13,0.294425,0.6614290942672907
2022-11-14,0.2567,0.6648321054816662
2022-11-15,0.389475,0.680913997492931
2022-11-16,0.0,0.6657315653585371
2022-11-17,0.40080000000000005,0.6830128405000249
2022-11-18,0.2719285714285714,0.6834682281711439
2022-11-19,0.17958333333333334,0.686553574151154
2022-11-20,0.3952,0.6802502781291174
2022-11-21,0.1785625,0.6947881310947589
2022-11-22,0.09275999999999998,0.656364961805642
2022-11-23,0.27812857142857145,0.6991980912514487
2022-11-24,0.49487499999999995,0.6614490479167211
2022-11-25,0.012249999999999983,0.6793020524273045
2022-11-26,0.3348,0.6648428694951076
2022-11-27,0.18124,0.684321431374688
2022-11-28,-0.04557142857142856,0.7037972382951566
2022-11-29,-0.5267,0.7189437542947774
2022-11-30,0.25943333333333335,0.6793847055668611
2022-12-01,0.16322,0.693856291601403
2022-12-02,0.3978333333333333,0.7009419894101788
2022-12-03,-0.030200000000000005,0.6796944188727089
2022-12-04,0.4416428571428571,0.675153704242331
2022-12-05,0.25285,0.6794895526292458
2022-12-06,0.126425,0.6796371748076593
2022-12-07,0.0,0.6797847969860729
2022-12-08,0.2997,0.6618240757774204
2022-12-09,0.40615,0.6914056068477691
2022-12-10,0.02266666666666665,0.6562971243431418
2022-12-11,0.039400000000000004,0.6656527167791398
2022-12-12,-0.21895,0.7015018201844077
2022-12-13,0.057699999999999974,0.6830116824019347
2022-12-14,-0.1547,0.7058266743291111
2022-12-15,-0.3671,0.7286416662562875
2022-12-16,0.2190125,0.6851323404742415
2022-12-17,0.19939999999999997,0.6781565819171105
2022-12-18,0.4026615384615385,0.7116704639213374
2022-12-19,0.0772,0.7452524165802052
2022-12-20,0.0,0.6452080615443282
2022-12-21,0.1901,0.6843009129110871
2022-12-22,0.6693,0.7315103684181388
2022-12-23,0.32389999999999997,0.661893720294814
2022-12-24,0.0,0.5747377397504806
2022-12-25,0.8748,0.6790961284080497
2022-12-26,0.564725,0.6889040278325957
2022-12-27,0.25465,0.6987119272571417
2022-12-28,-0.05135,0.7543124795080358
2022-12-29,0.2023,0.6854017231040938
2022-12-30,0.23655,0.7014275076586953
2022-12-31,0.36819999999999997,0.7314367105072195
2023-01-01,0.35315,0.7447341207934826
2023-01-02,0.176575,0.7243502727767617
2023-01-03,0.176575,0.7243502727767617
2023-01-04,0.0,0.7039664247600407
2023-01-05,0.009925000000000003,0.6041661519908983
2023-01-06,-0.296,0.7059898699418072
2023-01-07,0.0,0.39527096257656763
2023-01-08,0.47069999999999995,0.6858949411741855
2023-01-09,0.63635,0.7012654386936308
2023-01-10,0.63635,0.7012654386936308
2023-01-11,0.802,0.7166359362130762
2023-01-12,0.0,0.7318579006636705
2023-01-13,0.23156666666666667,0.7112462113578505
2023-01-14,0.2904,0.7007497964670923
2023-01-15,-0.5719,0.7431142533347664
2023-01-16,-0.04013333333333332,0.7061783349974271
2023-01-17,0.60975,0.7348967792136616
2023-01-18,0.11315,0.7377278184163834
2023-01-19,0.37445,0.7052229341002942
2023-01-20,0.3393,0.6769323627690323
2023-01-21,0.160075,0.6997346603739885
2023-01-22,0.0800375,0.7019814289627708
2023-01-23,0.0800375,0.7019814289627708
2023-01-24,0.0800375,0.7019814289627708
2023-01-25,0.0,0.7042281975515533
2023-01-26,0.6488,0.7228623581154547
2023-01-27,-0.11373333333333334,0.7185353137331415
2023-01-28,0.4615666666666667,0.6151968512237396
2023-01-29,0.0,0.7536124469904807
2023-01-30,0.13360000000000002,0.7248820261325815
2023-01-31,0.26720000000000005,0.6961516052746823
2023-02-01,0.0,0.6479045692857422
2023-02-02,0.0,0.7065206593740636
2023-02-03,0.61805,0.7204736471907136
2023-02-04,0.01935,0.7369911447347316
2023-02-05,0.0,0.6770515284332069
2023-02-06,-0.8316,0.7659537905815926
2023-02-07,-0.003959999999999986,0.71020921296728
2023-02-08,0.3389,0.719729605399894
2023-02-09,0.0,0.6864769465452701
2023-02-10,0.0,0.6279634160293625
2023-02-11,0.8779,0.7277390666101857
2023-02-12,0.06760000000000001,0.649099123036367
2023-02-13,0.5486333333333334,0.6475111404626994
2023-02-14,0.09794999999999998,0.6954718492808786
2023-02-15,0.36042,0.531228735796228
2023-02-16,0.24865,0.6713717033520619
2023-02-17,0.25781666666666664,0.5682945253395304
2023-02-18,-0.07020000000000001,0.7021824687616383
2023-02-19,0.21075,0.5579162388858472
2023-02-20,0.33755,0.5744307913914319
2023-02-21,0.48724999999999996,0.6848456375759497
2023-02-22,0.0,0.6534256934862057
2023-02-23,0.0,0.5150390936325732
2023-02-24,-0.05135,0.6837037607511882
2023-02-25,0.0,0.5986068261849554
2023-02-26,0.24102,0.6518367279317017
2023-02-27,0.2069266666666667,0.6570104737884943
2023-02-28,0.17283333333333337,0.6621842196452868
2023-03-01,-0.296,0.6305157818076579
2023-03-02,-0.08030000000000001,0.6990143621319471
2023-03-03,0.27495,0.6029939673025482
2023-03-04,0.0,0.6461170606196149
2023-03-05,0.07552500000000002,0.6552552090268171
2023-03-06,0.7392666666666666,0.6200452633727597
2023-03-07,0.24207499999999998,0.6141184195930468
2023-03-08,0.0,0.7056506887043134
2023-03-09,-0.1531,0.6169228905003751
2023-03-10,0.0,0.6233777560885893
2023-03-11,0.1806,0.6806444610648121
2023-03-12,0.4926,0.6484045335906404
2023-03-13,0.368425,0.6928097179283266
2023-03-14,0.368425,0.6928097179283266
2023-03-15,0.24424999999999997,0.7372149022660126
2023-03-16,0.04276666666666667,0.6804805694295065
2023-03-17,-0.19835,0.7181029036305806
2023-03-18,0.4372428571428571,0.6927341753423218
2023-03-19,-0.05303333333333334,0.6600896104224756
2023-03-20,-0.02651666666666667,0.6186721985758705
2023-03-21,0.0,0.5772547867292653
2023-03-22,-0.3548,0.6904268880909006
2023-03-23,-0.13564166666666666,0.6755825712966903
2023-03-24,0.08351666666666668,0.6607382545024801
2023-03-25,0.08015119047619049,0.6874556557401306
2023-03-26,0.08015119047619049,0.6874556557401306
2023-03-27,0.0767857142857143,0.714173056977781
2023-03-28,0.1468,0.6833918100604771
2023-03-29,0.52215,0.6830381547546451
2023-03-30,0.8975,0.682684499448813
2023-03-31,0.0,0.7044674446000921
2023-04-01,0.15253333333333333,0.7018844203371523
2023-04-02,0.028966666666666696,0.6817412129472777
2023-04-03,0.29612,0.7254974476387795
2023-04-04,0.23954999999999999,0.7248109151587708
2023-04-05,0.11977499999999999,0.7337266372466682
2023-04-06,0.0,0.7426423593345656
2023-04-07,-0.0386,0.6877901123527044
2023-04-08,-0.0772,0.6329378653708433
2023-04-09,0.508025,0.7104188589946479
2023-04-10,0.02735454545454546,0.7003686174991117
2023-04-11,0.0,0.6905001665927173
2023-04-12,0.09106666666666667,0.6797245196905424
2023-04-13,0.31245,0.7023265316767184
2023-04-14,0.0,0.6680084319297781
2023-04-15,-0.07881666666666667,0.7005042359885802
2023-04-16,0.0,0.7120318629180095
2023-04-17,0.0,0.6633604158103298
2023-04-18,0.2553,0.6923640617293749
2023-04-19,0.20605,0.701003325448481
2023-04-20,0.1568,0.709642589167587
2023-04-21,0.6249,0.6940290292956675
2023-04-22,0.269725,0.7001547628451855
2023-04-23,0.3347791666666666,0.7010957028415871
2023-04-24,0.3998333333333333,0.7020366428379886
2023-04-25,-0.13935,0.7116333273560127
2023-04-26,0.162875,0.7129836991296731
2023-04-27,0.4651,0.7143340709033335
2023-04-28,-0.25115,0.650738744123718
2023-04-29,0.3723,0.6819787050671573
2023-04-30,0.0,0.6928263275518931
2023-05-01,0.025733333333333334,0.7114843836341217
2023-05-02,0.3367,0.7157718604517231
2023-05-03,0.25865,0.7161981303917004
2023-05-04,0.1806,0.7166244003316778
2023-05-05,0.0,0.7359393930980228
2023-05-06,0.042666666666666665,0.7161296766366411
2023-05-07,0.08533333333333333,0.6963199601752593
2023-05-08,-0.15066666666666667,0.7483402234549544
2023-05-09,0.413475,0.7272081166347466
2023-05-10,0.0,0.7197848166844995
2023-05-11,0.54555,0.6811246286953627
2023-05-12,0.28463333333333335,0.682167171144252
2023-05-13,0.02554999999999999,0.704133882950748
2023-05-14,0.6114,0.6840858520205462
2023-05-15,0.3057,0.6660890760016018
2023-05-16,0.0,0.6480922999826576
2023-05-17,0.5574,0.7108209221579578
2023-05-18,0.15434,0.705520131612365
2023-05-19,0.0,0.7040473170285351
2023-05-20,0.6588,0.7280346202593332
2023-05-21,0.24045000000000002,0.7308485662435364
2023-05-22,-0.1779,0.7336625122277397
2023-05-23,0.7088,0.7127277966194455
2023-05-24,0.36046666666666666,0.7177522019218233
2023-05-25,0.2738933333333333,0.7097262706599035
2023-05-26,0.2738933333333333,0.7097262706599035
2023-05-27,0.18732000000000001,0.7017003393979835
2023-05-28,-0.0193,0.7343539267322505
2023-05-29,0.16245,0.7039858869723741
2023-05-30,0.2722,0.6923732423132862
2023-05-31,0.2722,0.6923732423132862
2023-06-01,0.38195,0.6807605976541984
2023-06-02,0.0,0.6843080984106126
2023-06-03,0.0,0.6928195509336988
2023-06-04,0.0,0.707317634881219
2023-06-05,0.6249,0.6553570362302367
2023-06-06,0.40275,0.690075739421065
2023-06-07,0.1806,0.7247944426118934
2023-06-08,0.0,0.669742653744047
2023-06-09,-0.009450000000000014,0.725273093201733
2023-06-10,-0.807,0.6587907405462958
2023-06-11,0.29989999999999994,0.702808492847778
2023-06-12,0.0,0.6387827590410418
2023-06-13,0.2202,0.7095711852318667
2023-06-14,0.4404,0.7803596114226916
2023-06-15,0.0,0.7108982473775278
2023-06-16,-0.26335,0.6856953354012296
2023-06-17,-0.35015,0.7018425033623679
2023-06-18,0.4215,0.7675793062701387
2023-06-19,0.21075,0.7464887065822081
2023-06-20,0.21075,0.7464887065822081
2023-06-21,0.0,0.7253981068942774
2023-06-22,0.0,0.6758899405762302
2023-06-23,0.0,0.6263817742581831
2023-06-24,0.4684,0.6914522095707539
2023-06-25,0.0,0.6553287694110449
2023-06-26,-0.5859,0.7186982130578263
2023-06-27,0.53035,0.7066844568723958
2023-06-28,0.7096,0.6682827368629152
2023-06-29,0.4031625,0.6680073323030122
2023-06-30,0.096725,0.6677319277431093
2023-07-01,-0.35150000000000003,0.7077044753430064
2023-07-02,0.07556666666666667,0.7273898279265207
2023-07-03,0.33748333333333336,0.7150653078551575
2023-07-04,0.33748333333333336,0.7150653078551575
2023-07-05,0.5994,0.7027407877837943
2023-07-06,0.6369,0.6860905026393961
2023-07-07,0.31845,0.7065935180104816
2023-07-08,0.0,0.7270965333815673
2023-07-09,-0.058719999999999994,0.7114762316034775
2023-07-10,-0.11743999999999999,0.6958559298253877
2023-07-11,0.36345,0.7371810627059512
2023-07-12,0.0,0.7224566808422949
2023-07-13,0.2202,0.6823046831406681
2023-07-14,0.21162857142857144,0.6852157030778679
2023-07-15,0.13019761904761906,0.7046634933415523
2023-07-16,0.13019761904761906,0.7046634933415523
2023-07-17,0.04876666666666668,0.7241112836052367
2023-07-18,0.4487,0.6934986870197262
2023-07-19,0.15293333333333334,0.7412540328135249
2023-07-20,0.2365666666666667,0.6940163611705412
2023-07-21,0.32020000000000004,0.6467786895275576
2023-07-22,0.4753,0.7234743712904086
2023-07-23,0.07227777777777779,0.6976144714619787
2023-07-24,0.0,0.7253373300454566
2023-07-25,0.0,0.7267064806635428
2023-07-26,0.0,0.728075631281629
2023-07-27,0.4031,0.7049976433810634
2023-07-28,0.22504999999999997,0.7077884597569492
2023-07-29,0.22898000000000002,0.6995529819830602
2023-07-30,0.3308275,0.7082700992957267
2023-07-31,0.432675,0.7169872166083934
2023-08-01,0.4754,0.7523778813399304
2023-08-02,0.6948,0.7180325430310118
2023-08-03,0.48466666666666663,0.7135654019453952
2023-08-04,0.446225,0.7217155543701053
2023-08-05,0.3218666666666667,0.733154642968881
2023-08-06,0.23275000000000004,0.7236531845474696
2023-08-07,0.6316333333333334,0.6968250654284893
2023-08-08,0.5994,0.7174629149479202
2023-08-09,0.5709,0.7491631377703241
2023-08-10,0.7278,0.6814911521479946
2023-08-11,-0.042666666666666665,0.7107972831650704
2023-08-12,0.0,0.7218574482264672
2023-08-13,0.03573333333333333,0.6986186953532159
2023-08-14,0.07146666666666666,0.6753799424799646
2023-08-15,-0.7003,0.7129336890425457
2023-08-16,0.46963333333333335,0.6645093182077509
2023-08-17,0.22103333333333333,0.6929552374818098
2023-08-18,0.3044,0.7342201292522794
2023-08-19,0.7269,0.7118802074185244
2023-08-20,-0.0516,0.7162693563879354
2023-08-21,0.6989,0.7088785002631489
2023-08-22,0.49929999999999997,0.6930399901949618
2023-08-23,0.2997,0.6772014801267747
2023-08-24,0.28090000000000004,0.698779832313241
2023-08-25,0.2621,0.7203581844997073
2023-08-26,0.31165,0.6954681032038241
2023-08-27,0.31165,0.6954681032038241
2023-08-28,0.3612,0.6705780219079409
2023-08-29,0.3182,0.6551592326004718
2023-08-30,0.39232500000000003,0.6803711920126084
2023-08-31,0.46645000000000003,0.705583151424745
2023-09-01,0.6501,0.7200307257811266
2023-09-02,0.83375,0.7344783001375081
2023-09-03,-0.8225,0.7343322256226386
2023-09-04,-0.2363,0.7346967787099195
2023-09-05,0.232325,0.7271274092842047
2023-09-06,-0.031479999999999994,0.6942366367910691
2023-09-07,-0.015739999999999997,0.6979450827093723
2023-09-08,0.0,0.7016535286276754
2023-09-09,0.0,0.6818305218323584
2023-09-10,0.0,0.7012438738399938
2023-09-11,0.0,0.7071109778709577
2023-09-12,0.0,0.7071109778709577
2023-09-13,0.0,0.7071109778709577
2023-09-14,0.0,0.7129780819019215
2023-09-15,0.29812500000000003,0.7136815047479192
2023-09-16,0.29812500000000003,0.7136815047479192
2023-09-17,0.5962500000000001,0.7143849275939169
2023-09-18,0.0,0.6757090454781306
2023-09-19,0.16141666666666665,0.695432437310711
2023-09-20,0.16141666666666665,0.695432437310711
2023-09-21,0.3228333333333333,0.7151558291432916
2023-09-22,0.16141666666666665,0.7531683364218027
2023-09-23,0.16141666666666665,0.7531683364218027
2023-09-24,0.16141666666666665,0.7531683364218027
2023-09-25,0.16141666666666665,0.7531683364218027
2023-09-26,0.0,0.7911808437003138
2023-09-27,0.1806,0.704595916593007
2023-09-28,-0.051019999999999996,0.7008234786247559
2023-09-29,0.46438750000000006,0.7353703678578005
2023-09-30,0.23219375000000003,0.7575157518769866
2023-10-01,0.0,0.7796611358961727
2023-10-02,0.0,0.7156280417233878
2023-10-03,0.2537,0.764655993235761
2023-10-04,0.41279999999999994,0.6817895436820436
2023-10-05,0.5719,0.5989230941283261
2023-10-06,0.12186,0.6795748690778551
2023-10-07,-0.002375000000000016,0.681475974824005
2023-10-08,0.58365,0.7120371766976914
2023-10-09,0.2263,0.6627962163079734
2023-10-10,0.0,0.67503193283599
2023-10-11,0.5106,0.7286178493745532
2023-10-12,-0.4425666666666667,0.723335135880971
2023-10-13,0.0,0.6727110280555681
2023-10-14,0.5994,0.7153717372409016
2023-10-15,-0.31845,0.6812362682327375
2023-10-16,-0.159225,0.6536007661687671
2023-10-17,-0.159225,0.6536007661687671
2023-10-18,0.0,0.6259652641047965
2023-10-19,0.6369,0.7224938657744217
2023-10-20,0.03319999999999999,0.7435368561984002
2023-10-21,-0.06367500000000001,0.7306725879893378
2023-10-22,-0.06367500000000001,0.7306725879893378
2023-10-23,-0.16055,0.7178083197802754
2023-10-24,-0.080275,0.6915580270810875
2023-10-25,-0.080275,0.6915580270810875
2023-10-26,0.0,0.6653077343818995
2023-10-27,0.20065,0.7668657350494474
2023-10-28,0.25584166666666663,0.720526263256901
2023-10-29,0.31103333333333333,0.6741867914643543
2023-10-30,-0.001433333333333342,0.7407807602458361
2023-10-31,0.132525,0.7473722199698372
2023-11-01,0.0,0.7425457074708584
2023-11-02,0.4643,0.7123346181003494
2023-11-03,0.5791,0.6839241649273947
2023-11-04,0.23496666666666666,0.6754902534552979
2023-11-05,0.0,0.6953401514981709
2023-11-06,-0.6486,0.6408557894121863
2023-11-07,0.0,0.6872445318257108
2023-11-08,0.6369,0.6491039726970443
2023-11-09,0.6369,0.7374707767099836
2023-11-10,0.526,0.7304864764973891
2023-11-11,0.3612,0.731920718244998
2023-11-12,0.0,0.6975043028712294
2023-11-13,0.14985,0.7221212951294307
2023-11-14,0.14985,0.7221212951294307
2023-11-15,0.14985,0.7221212951294307
2023-11-16,0.14985,0.7221212951294307
2023-11-17,0.14985,0.7221212951294307
2023-11-18,0.2997,0.746738287387632
2023-11-19,0.3579,0.7228017743462295
2023-11-20,0.236775,0.714441934091542
2023-11-21,0.16393999999999997,0.738692870211391
2023-11-22,0.10606666666666666,0.7407846269351794
2023-11-23,0.20148000000000002,0.7134392968943408
2023-11-24,-0.03423333333333333,0.7182262901196149
2023-11-25,-0.11988000000000001,0.7341341031160382
2023-11-26,0.21230000000000002,0.7044981912512998
2023-11-27,0.1527,0.6977850978269509
2023-11-28,0.0931,0.691072004402602
2023-11-29,0.11618333333333333,0.6916539646820914
2023-11-30,0.13926666666666668,0.6922359249615807
2023-12-01,-0.13396666666666665,0.7048125943672571
2023-12-02,0.4234,0.7173847923502557
2023-12-03,0.19585,0.6970806165233094
2023-12-04,0.3652333333333333,0.6716265519520629
2023-12-05,0.2083,0.6962668811672792
2023-12-06,0.0,0.6785889496473186
2023-12-07,0.3522,0.6962922175207613
2023-12-08,0.9081,0.6760032104024027
2023-12-09,0.0,0.7335985525825651
2023-12-10,0.306075,0.7049156905490985
2023-12-11,-0.32898,0.7110722955899533
2023-12-12,0.2553,0.6621473134944088
2023-12-13,0.0,0.7590377767650643
2023-12-14,-0.0855125,0.735640714459209
2023-12-15,-0.171025,0.7122436521533537
2023-12-16,0.0,0.68922760910833
2023-12-17,0.09955,0.6951923008544627
2023-12-18,0.1991,0.7011569926005953
2023-12-19,0.2272,0.6876479010418899
2023-12-20,0.2553,0.6741388094831844
2023-12-21,-0.04235,0.6953692548458759
2023-12-22,-0.34,0.7165997002085672
2023-12-23,0.12294999999999998,0.7428287831014055
2023-12-24,0.12294999999999998,0.7428287831014055
2023-12-25,0.5859,0.769057865994244
2023-12-26,0.4404,0.7518702389574576
2023-12-27,0.0,0.7162789719529538
2023-12-28,0.3454,0.6789282513381059
2023-12-29,0.5197,0.6639908080922543
2023-12-30,0.0,0.7539664880266124
2023-12-31,-0.0193,0.7275035592717848
2024-01-01,-0.0193,0.7275035592717848
2024-01-02,-0.0386,0.7010406305169572
2024-01-03,0.22195,0.710275665329256
2024-01-04,0.21945,0.6468333533057666
2024-01-05,0.244375,0.6904599086322358
2024-01-06,0.26930000000000004,0.7340864639587051
2024-01-07,0.11700000000000002,0.7199148919741287
2024-01-08,-0.0353,0.7057433199895522
2024-01-09,0.13743333333333332,0.6916406813803269
2024-01-10,0.024741666666666662,0.7023103842358694
2024-01-11,-0.08795,0.712980087091412
2024-01-12,0.6249,0.6199872842067766
2024-01-13,0.3382,0.7369245420364932
2024-01-14,0.19063333333333332,0.677935922563548
2024-01-15,-0.1447,0.7390764587394876
2024-01-16,0.4767,0.5591007831357636
2024-01-17,0.30265,0.652353624666625
2024-01-18,0.1286,0.7456064661974864
2024-01-19,0.29242500000000005,0.6843662639143779
2024-01-20,0.45625000000000004,0.6231260616312695
2024-01-21,-0.34,0.676092974671897
2024-01-22,-0.17,0.6800724867593266
2024-01-23,-0.17,0.6800724867593266
2024-01-24,-0.17,0.6800724867593266
2024-01-25,0.0,0.6840519988467562
2024-01-26,0.19996666666666665,0.6872630164484401
2024-01-27,0.19996666666666665,0.6872630164484401
2024-01-28,0.3999333333333333,0.6904740340501242
2024-01-29,0.15158333333333332,0.7278688323129597
2024-01-30,0.10244999999999999,0.7073505951620245
2024-01-31,0.12726666666666667,0.6662613588926226
2024-02-01,-0.3818,0.6999082793268568
2024-02-02,0.2263,0.7736181467016364
2024-02-03,-0.060862500000000014,0.7722276084252356
2024-02-04,0.125,0.7513376369501972
2024-02-05,-0.14405,0.7568167615830389
2024-02-06,-0.4131,0.7622958862158806
2024-02-07,0.03984999999999998,0.7173466466865756
2024-02-08,0.032791666666666656,0.7134010482552118
2024-02-09,0.025733333333333334,0.709455449823848
2024-02-10,0.08572500000000001,0.7123332226589568
2024-02-11,0.1457166666666667,0.7152109954940656
2024-02-12,0.0,0.6621758757211162
2024-02-13,0.0,0.7680286665193266
2024-02-14,0.5859,0.7412225026366546
2024-02-15,0.35795,0.7366182408269388
2024-02-16,-0.1289,0.7493998139887514
2024-02-17,0.016524999999999998,0.7379392498511346
2024-02-18,0.16194999999999998,0.7264786857135177
2024-02-19,0.31037499999999996,0.7332271795882752
2024-02-20,0.4588,0.7399756734630328
2024-02-21,0.0086,0.6990940977562845
2024-02-22,0.11055714285714287,0.7329457059903339
2024-02-23,0.19317499999999999,0.7483578919192283
2024-02-24,0.0,0.729129781092969
2024-02-25,0.07075000000000001,0.6272003849732797
2024-02-26,-0.134625,0.646846938022814
2024-02-27,-0.34,0.6664934910723483
2024-02-28,0.11635,0.6652792784395294
2024-02-29,0.1816,0.6906893307057267
2024-03-01,0.1468,0.7034325983082828
2024-03-02,0.0,0.6990645359396161
2024-03-03,0.0,0.7468966137737736
2024-03-04,-0.10202857142857143,0.7247535646057908
2024-03-05,-0.20405714285714285,0.7026105154378078
2024-03-06,0.18994999999999998,0.7096848130240265
2024-03-07,0.059725000000000014,0.6696528623282829
2024-03-08,0.3247125,0.7045531964937068
2024-03-09,0.5897,0.7394535306591308
2024-03-10,0.7964,0.7270548410706095
2024-03-11,0.34985,0.6787639004986803
2024-03-12,-0.27253333333333335,0.7127559393446843
2024-03-13,-0.5574,0.7546199414287688
2024-03-14,0.2282,0.678619742844034
2024-03-15,-0.16714,0.690684970719561
2024-03-16,0.0,0.7013908002944782
2024-03-17,0.405775,0.6954724560331085
2024-03-18,0.2028875,0.7014279613391148
2024-03-19,0.0,0.7073834666451211
2024-03-20,0.0,0.731020829182402
2024-03-21,0.0,0.7546581917196828
2024-03-22,-0.1909,0.6750358717078421
2024-03-23,0.296725,0.6506084874142393
2024-03-24,0.01874999999999999,0.7198690404155517
2024-03-25,0.0,0.6251611650668393
2024-03-26,-0.009866666666666668,0.7240393462828169
2024-03-27,0.3825,0.6917207301703807
2024-03-28,0.765,0.7136145832198767
2024-03-29,0.4215,0.6771856893386454
2024-03-30,-0.06863333333333332,0.6665538108003879
2024-03-31,0.04923333333333335,0.6797430551341745
2024-04-01,0.16710000000000003,0.6929322994679611
2024-04-02,-0.24695,0.7384273747264791
2024-04-03,0.0516,0.7166749147826513
2024-04-04,0.5199,0.6890991700145146
2024-04-05,-0.1973,0.669091341740144
2024-04-06,0.0,0.7170507027402712
2024-04-07,-0.4437,0.7393760835590256
2024-04-08,0.3182,0.6659268487372662
2024-04-09,0.0,0.7308879759160803
2024-04-10,0.0,0.705660863267894
2024-04-11,-0.03620000000000001,0.7340823130812824
2024-04-12,0.7424,0.7658962129361213
2024-04-13,0.0,0.6920971382955403
2024-04-14,0.0,0.624859577132737
2024-04-15,-0.0258,0.668855786901749
2024-04-16,0.0,0.6929632452924475
2024-04-17,0.0,0.6925872768238138
2024-04-18,-0.04661666666666664,0.7121533033212484
2024-04-19,0.23316666666666663,0.7075365324383993
2024-04-20,-0.07978333333333334,0.724678756243655
2024-04-21,-0.07978333333333334,0.724678756243655
2024-04-22,-0.3927333333333333,0.7418209800489105
2024-04-23,0.3612,0.5943354458107497
2024-04-24,-0.7469,0.7706933629415009
2024-04-25,-0.3788625,0.746035129256573
2024-04-26,-0.010825000000000029,0.721376895571645
2024-04-27,0.21529999999999996,0.6949320894372507
2024-04-28,0.44142499999999996,0.6684872833028564
2024-04-29,0.11315,0.7134517125950983
2024-04-30,0.0,0.6039913178895524
2024-05-01,0.17,0.6787181199364049
2024-05-02,0.34,0.7534449219832573
2024-05-03,0.4404,0.692210206673843
2024-05-04,0.18918,0.6598811623218148
2024-05-05,0.4754,0.7105709730207529
2024-05-06,0.6588,0.6145608009702097
2024-05-07,-0.09106666666666667,0.6325351526992958
2024-05-08,0.12716666666666665,0.6854026788106937
2024-05-09,0.3454,0.7382702049220915
2024-05-10,0.2850333333333333,0.6216291704990963
2024-05-11,-0.038275,0.7350591218412316
2024-05-12,0.5719,0.6879998277018707
2024-05-13,0.1779,0.6299704148840389
2024-05-14,0.3819,0.6114377825836298
2024-05-15,0.5859,0.5929051502832207
2024-05-16,0.17020000000000002,0.6662078693601332
2024-05-17,0.0,0.6975815149972459
2024-05-18,0.22870000000000001,0.7158362646353242
2024-05-19,0.3277,0.6791664870641521
2024-05-20,0.40652,0.6773813242931201
2024-05-21,0.2023,0.6521732535521343
2024-05-22,0.16813333333333333,0.6522498711106798
2024-05-23,0.13396666666666665,0.6523264886692253
2024-05-24,0.4404,0.7111165256330153
2024-05-25,-0.095875,0.7293823915798705
2024-05-26,0.1983625,0.7158893869942535
2024-05-27,0.1983625,0.7158893869942535
2024-05-28,0.1983625,0.7158893869942535
2024-05-29,0.4926,0.7023963824086364
2024-05-30,0.26025,0.721563782051472
2024-05-31,0.0,0.6464451858435523
2024-06-01,0.1647,0.6464888968309443
2024-06-02,0.3294,0.6465326078183364
2024-06-03,0.12040000000000001,0.6582364028819749
2024-06-04,0.13419999999999999,0.6852008967753487
2024-06-05,0.148,0.7121653906687224
2024-06-06,0.10285,0.6808510316252872
2024-06-07,0.44470000000000004,0.728958527903608
2024-06-08,0.0,0.6901719325659935
2024-06-09,0.6006,0.722033957364232
2024-06-10,0.002366666666666665,0.749294815695866
2024-06-11,0.2810833333333333,0.7312284506442962
2024-06-12,0.5598,0.7131620855927264
2024-06-13,0.6418666666666667,0.6385133782924322
2024-06-14,0.4404,0.7039625598192397
2024-06-15,0.59755,0.7388089486027187
2024-06-16,0.6114,0.6865096261549702
2024-06-17,0.0,0.7072329862623928
2024-06-18,-0.31845,0.6667488803316537
2024-06-19,-0.31845,0.6667488803316537
2024-06-20,-0.6369,0.6262647744009144
2024-06-21,-0.38122500000000004,0.6522116023795442
2024-06-22,-0.38122500000000004,0.6522116023795442
2024-06-23,-0.38122500000000004,0.6522116023795442
2024-06-24,-0.12555,0.678158430358174
2024-06-25,0.0,0.5926756254052761
2024-06-26,0.0,0.6901389732419562
2024-06-27,0.1203,0.7108514781821073
2024-06-28,0.2406,0.7315639831222583
2024-06-29,-0.024466666666666675,0.6844095220245362
2024-06-30,0.5386000000000001,0.666160207827883
2024-07-01,-0.35760000000000003,0.7114125278728816
2024-07-02,0.3595,0.7459897455325482
2024-07-03,0.48545000000000005,0.7059509067413038
2024-07-04,0.6114,0.6659120679500594
2024-07-05,-0.12555,0.7088614085597402
2024-07-06,-0.12555,0.7088614085597402
2024-07-07,-0.12555,0.7088614085597402
2024-07-08,-0.8625,0.751810749169421
2024-07-09,-0.2023,0.7828492419668497
2024-07-10,0.05406,0.669972853859542
2024-07-11,0.019766666666666655,0.7102795505564637
2024-07-12,0.19006666666666666,0.7283525828888664
2024-07-13,0.36036666666666667,0.7464256152212689
2024-07-14,0.4629,0.7533993537482541
2024-07-15,0.27605714285714283,0.7152556596832454
2024-07-16,-0.06583333333333335,0.73948974602382
2024-07-17,0.23856666666666668,0.7372577984622408
2024-07-18,0.0,0.6872233195696051
2024-07-19,0.6772,0.7479286612904441
2024-07-20,0.3612,0.6985779256580779
2024-07-21,0.72925,0.7000222683136228
2024-07-22,0.14060000000000003,0.7246383465999089
2024-07-23,0.6597,0.6825294227704177
2024-07-24,0.12266666666666665,0.7403170819439563
2024-07-25,0.5148,0.7489713562398899
2024-07-26,0.15823333333333334,0.7551841104725633
2024-07-27,0.6660666666666667,0.7489607115868662
2024-07-28,0.4086,0.603225490074184
2024-07-29,0.17354999999999998,0.7282253776396479
2024-07-30,0.0,0.7378011009125431
2024-07-31,0.2714,0.7665611853141112
2024-08-01,0.3004,0.6905641994984983
2024-08-02,0.3004,0.6905641994984983
2024-08-03,0.3294,0.6145672136828855
2024-08-04,0.22328750000000003,0.6818429340423554
2024-08-05,0.22328750000000003,0.6818429340423554
2024-08-06,0.11717500000000003,0.7491186544018253
2024-08-07,0.0,0.6611628784011225
2024-08-08,0.04074999999999998,0.719647483487375
2024-08-09,0.16853333333333334,0.713324513096831
2024-08-10,0.19993999999999995,0.7347279492353767
2024-08-11,-0.24503333333333333,0.7472191712745078
2024-08-12,0.06072857142857143,0.7147520391966599
2024-08-13,-0.05315,0.7356432270785832
2024-08-14,-0.17514,0.7298532222595833
2024-08-15,0.02253000000000001,0.7553320811102563
2024-08-16,0.2202,0.7808109399609293
2024-08-17,0.3235,0.7221769203176874
2024-08-18,0.33682500000000004,0.6847307797296756
2024-08-19,0.35015,0.6472846391416636
2024-08-20,-0.17538,0.7326027342540489
2024-08-21,0.3708666666666667,0.7698858946406908
2024-08-22,0.3384547619047619,0.7456010142004716
2024-08-23,0.3384547619047619,0.7456010142004716
2024-08-24,0.30604285714285717,0.7213161337602524
2024-08-25,0.28685714285714287,0.7559290341245001
2024-08-26,0.050575,0.7297996221156148
2024-08-27,0.0129,0.7162386636992522
2024-08-28,0.00645,0.7412743322438097
2024-08-29,0.0,0.7663100007883672
2024-08-30,-0.1027,0.763773308448551
2024-08-31,0.0,0.7225740491078112
2024-09-01,-0.21475,0.7724102648006997
2024-09-02,0.6293000000000001,0.7410563953876669
2024-09-03,-0.7635,0.7383300183523676
2024-09-04,0.528,0.7083988953359812
2024-09-05,0.0,0.7111681548001869
2024-09-06,0.3259,0.7231158124588316
2024-09-07,0.43590000000000007,0.6871789236477667
2024-09-08,0.3478,0.7143788369208317
2024-09-09,0.18036666666666668,0.747950497393512
2024-09-10,0.0,0.703626179612346
2024-09-11,0.13991666666666666,0.7407694798000564
2024-09-12,0.18767142857142857,0.7295957348480285
2024-09-13,0.125,0.6843380866554366
2024-09-14,0.0,0.7894121705391894
2024-09-15,-0.25,0.7525631902551766
2024-09-16,0.058739999999999994,0.6846979692251617
2024-09-17,0.0,0.6855791419885598
2024-09-18,0.3235,0.7163452142260132
2024-09-19,0.9323,0.6690258533107679
2024-09-20,0.6249,0.7947725246792495
2024-09-21,0.37477499999999997,0.6669179066198225
2024-09-22,0.2202,0.7359696181081934
2024-09-23,0.18655000000000002,0.7521099672588438
2024-09-24,0.64185,0.7349522688483155
2024-09-25,0.25,0.757680783482963
2024-09-26,-0.06817999999999999,0.7499739356158293
2024-09-27,0.31525000000000003,0.7535996657886372
2024-09-28,-0.1468,0.7517326187019598
2024-09-29,0.7384,0.749883774878186
2024-09-30,0.4019,0.7071953241187828
2024-10-01,0.44597999999999993,0.7636326251555616
2024-10-02,0.068825,0.6999926287904107
2024-10-03,0.41975,0.7113949974824535
2024-10-04,0.08820000000000001,0.7549557332733579
2024-10-05,0.0,0.7016055191641687
2024-10-06,0.12673333333333334,0.7443404739156714
2024-10-07,0.0,0.6346828787517079
2024-10-08,0.3243,0.7221306814059343
2024-10-09,0.3243,0.7221306814059343
2024-10-10,0.6486,0.8095784840601608
2024-10-11,0.08915,0.6390523596534924
2024-10-12,0.09962499999999999,0.6737032220520367
2024-10-13,0.1101,0.7083540844505809
2024-10-14,0.6107,0.7276991109413137
2024-10-15,0.0,0.6022805667960418
2024-10-16,0.7351,0.7429030791539382
2024-10-17,0.13013333333333332,0.6623630298451486
2024-10-18,0.46802,0.6608750741821996
2024-10-19,0.313975,0.7150890718126569
2024-10-20,0.5937,0.6983805084010702
2024-10-21,-0.12882,0.6895007570684677
2024-10-22,-0.0992,0.6500443624557678
2024-10-23,-0.1468,0.6135378316601017
2024-10-24,0.24676666666666666,0.7046069614616072
2024-10-25,0.155975,0.6290962817599441
2024-10-26,0.01330000000000002,0.7192412787647167
2024-10-27,0.0,0.6972568541435628
2024-10-28,0.24088333333333334,0.7314298471563788
2024-10-29,0.14775,0.7430691999438358
2024-10-30,0.44426000000000004,0.7573538991441808
2024-10-31,0.0,0.5977568063264818
2024-11-01,0.0,0.731713492154479
2024-11-02,0.2612818181818182,0.7512721342761194
2024-11-03,0.436025,0.7356884757612885
2024-11-04,0.29901999999999995,0.7062974955543877
2024-11-05,0.1596375,0.7415982282713139
2024-11-06,0.24980833333333333,0.7568498736063677
2024-11-07,0.38175,0.7594373472410294
2024-11-08,0.21700000000000003,0.7591628957642981
2024-11-09,0.0,0.7456618319024161
2024-11-10,0.0,0.7512541735557624
2024-11-11,0.13113333333333332,0.7382653142049004
2024-11-12,0.1807,0.742467652665895
2024-11-13,0.17556666666666665,0.7344981993674664
2024-11-14,0.21274285714285712,0.7250519361915552
2024-11-15,0.5665666666666667,0.7268649539005229
2024-11-16,0.3306,0.7265455172725015
2024-11-17,0.23653333333333335,0.7136489049739597
2024-11-18,0.0,0.6789792405678462
2024-11-19,-0.03655,0.7274996089208456
2024-11-20,0.023533333333333333,0.7158378669511928
2024-11-21,0.19561,0.7415736017981202
2024-11-22,0.44115,0.71145704122374
2024-11-23,0.38273333333333337,0.7364062194549796
2024-11-24,0.15032,0.7277844919018334
2024-11-25,-0.05491999999999999,0.7069341824138003
2024-11-26,-0.10453333333333333,0.717808641103503
2024-11-27,0.23279999999999998,0.6922356056935066
2024-11-28,0.3841666666666667,0.6857054785956143
2024-11-29,-0.1591,0.7662529198927426
2024-11-30,-0.20455,0.7463896749111791
2024-12-01,-0.25,0.7265264299296157
2024-12-02,0.11315,0.6693826903819498
2024-12-03,0.056575,0.6664035974046498
2024-12-04,0.0,0.66342450442735
2024-12-05,0.4404,0.6688951930649446
2024-12-06,0.3538,0.6865891503973646
2024-12-07,0.26720000000000005,0.7042831077297845
2024-12-08,0.13986666666666667,0.6740129359431145
2024-12-09,0.029481818181818196,0.706822421739552
2024-12-10,0.1139,0.696375042967483
2024-12-11,0.042666666666666665,0.6302597377416577
2024-12-12,0.18546,0.6859009482348328
2024-12-13,0.3028777777777778,0.6654300722015933
2024-12-14,0.0,0.6701932678921634
2024-12-15,0.4215,0.7802842472629413
2024-12-16,0.21075,0.6401704361440398
2024-12-17,0.2462333333333333,0.701837679409063
2024-12-18,-0.1888285714285714,0.7460768336564544
2024-12-19,0.0,0.7192397144671205
2024-12-20,0.33652,0.7138754820488488
2024-12-21,0.1213125,0.6983068897383287
2024-12-22,-0.1701,0.7306425921991483
2024-12-23,0.0,0.6981705605401977
2024-12-24,0.2628,0.7060275272277139
2024-12-25,0.27240000000000003,0.6882296798412845
2024-12-26,0.06698333333333333,0.6818736712162877
2024-12-27,0.5967333333333333,0.7014481124545853
2024-12-28,0.56555,0.6531609943121615
2024-12-29,0.29506666666666664,0.621694558844875
2024-12-30,0.073275,0.6909561092036669
2024-12-31,0.032875000000000015,0.7069456318565208
2025-01-01,0.26335,0.6934245786542501
2025-01-02,-0.28735999999999995,0.727652211052086
2025-01-03,0.044833333333333315,0.7225788218910751
2025-01-04,-0.19463333333333332,0.7257513353245811
2025-01-05,-0.020133333333333326,0.7435485124249328
2025-01-06,-0.05197499999999999,0.7236666364509203
2025-01-07,0.19774,0.7557196561810066
2025-01-08,0.175275,0.7518728388575565
2025-01-09,-0.100475,0.7191768056991926
2025-01-10,0.10115,0.7229883662758784
2025-01-11,-0.04883333333333334,0.7112798680419042
2025-01-12,-0.064975,0.713141379459463
2025-01-13,0.46005,0.6757234195242137
2025-01-14,0.46396250000000006,0.6849280195400334
2025-01-15,0.46787500000000004,0.694132619555853
2025-01-16,0.17434,0.7077946403197759
2025-01-17,-0.02975,0.6677506684009444
2025-01-18,0.21960000000000002,0.7124301230046123
2025-01-19,0.10980000000000001,0.7286677307070009
2025-01-20,0.0,0.7449053384093896
2025-01-21,0.25479999999999997,0.7308182220396461
2025-01-22,0.034509999999999985,0.7175342691480491
2025-01-23,-0.18578,0.7042503162564522
2025-01-24,-0.19718333333333335,0.7286833281737671
2025-01-25,0.6249,0.7503953532971377
2025-01-26,0.0,0.7108644672121608
2025-01-27,0.0,0.7523242064315216
2025-01-28,-0.06979999999999999,0.744636802481155
2025-01-29,0.225325,0.7686763163814567
2025-01-30,0.5118,0.7390246815018664
2025-01-31,0.21799999999999997,0.7468751932354674
2025-02-01,0.8007,0.7411753722525039
2025-02-02,-0.0666666666666667,0.7409732616131137
2025-02-03,0.3953,0.7449517397348464
2025-02-04,0.1981625,0.7428996909175746
2025-02-05,0.40068000000000004,0.7215725087908655
2025-02-06,0.34394,0.7321214360132042
2025-02-07,0.28719999999999996,0.7426703632355428
2025-02-08,0.31245,0.7721797859335134
2025-02-09,0.16437142857142858,0.7490684395742385
2025-02-10,0.18027500000000002,0.7561951927137073
2025-02-11,-0.051090909090909103,0.7583555431760032
2025-02-12,0.07885714285714285,0.7525442902810495
2025-02-13,0.15704545454545452,0.7561510234301413
2025-02-14,0.38362,0.7175646019422087
2025-02-15,0.7939,0.7593551261652522
2025-02-16,0.20413333333333336,0.7138829994279458
2025-02-17,-0.1721,0.7614465441836087
2025-02-18,0.3765,0.6835983204526644
2025-02-19,0.35325,0.6930631629691315
2025-02-20,0.046833333333333324,0.744261574171985
2025-02-21,0.09334999999999996,0.7513240422256882
2025-02-22,0.09085714285714286,0.7406417682863828
2025-02-23,0.2202,0.7388394559453004
2025-02-24,0.18480833333333332,0.7497740877468906
2025-02-25,0.14622,0.7432453092120018
2025-02-26,0.11459999999999998,0.7412611396606819
2025-02-27,0.07152857142857141,0.7530995869790537
2025-02-28,0.17432857142857142,0.7495753746852729
2025-03-01,0.2716,0.8052948504887991
2025-03-02,0.1289875,0.7561125055174122
2025-03-03,0.136575,0.6996900907204574
2025-03-04,-0.2604,0.7323872789681455
2025-03-05,0.20095,0.7203130800181525
2025-03-06,-0.029099999999999994,0.7089182321692986
2025-03-07,-0.08895000000000003,0.6444581825532202
2025-03-08,-0.26335,0.7208261700696109
2025-03-09,0.6249,0.6703633220713333
2025-03-10,0.17,0.7343821364231577
2025-03-11,0.4370200000000001,0.6994948035963333
2025-03-12,0.24034333333333338,0.7162867774341996
2025-03-13,0.043666666666666666,0.7330787512720658
2025-03-14,-0.5233,0.7056637040122614
2025-03-15,0.45026666666666665,0.7176532755660417
2025-03-16,0.0683,0.7347412998495431
2025-03-17,-0.3506,0.7833754816131094
2025-03-18,0.0,0.7036544013489472
2025-03-19,0.078,0.6985086631205611
2025-03-20,0.10606666666666666,0.7033778872753356
2025-03-21,-0.39805999999999997,0.7437883284178565
2025-03-22,0.44405,0.7402078520109252
2025-03-23,0.3555,0.7140007640699958
2025-03-24,0.08944999999999999,0.7061938003417516
2025-03-25,-0.1766,0.6983868366135075
2025-03-26,0.0,0.7099137175974541
2025-03-27,-0.10285,0.7339664754848463
2025-03-28,0.22602499999999998,0.6619964321088074
2025-03-29,0.5521666666666666,0.6786963211361504
2025-03-30,-0.249025,0.7168978830592995
2025-03-31,0.045999999999999985,0.726648147991662
2025-04-01,0.16835,0.607436691297734
2025-04-02,0.0,0.7055737313105152
2025-04-03,0.005699999999999997,0.7051084977268398
2025-04-04,0.011399999999999993,0.7046432641431644
2025-04-05,0.4019,0.7759470754739229
2025-04-06,-0.2997,0.7190014899246315
2025-04-07,0.0,0.6471520521710417
2025-04-08,0.4588,0.6854964874364164
2025-04-09,0.2294,0.6800575270122104
2025-04-10,0.0,0.6746185665880043
2025-04-11,0.21075,0.7169755612026895
2025-04-12,0.0258,0.7088119448802341
2025-04-13,0.2263,0.7527696928118769
