Date,sentiment_score,acceptance,target_return_t+1
2020-02-05,0.07955,0.7012731978359212,0.0194093169425442
2020-02-06,0.0462888888888888,0.636611130709153,-0.001188323805631
2020-02-07,0.2132944444444444,0.6322093899860864,0.0310264963298576
2020-02-10,0.1462833333333333,0.6526093806588662,0.0040192609370288
2020-02-11,0.2927916666666667,0.6450257946832052,-0.0091556579336954
2020-02-12,0.4393,0.6374422087075441,0.04784365255178
2020-02-13,-0.4588,0.7039150100342552,-0.0049377556683485
2020-02-14,0.5892999999999999,0.6769563983840211,0.0729597130158357
2020-02-18,0.0,0.6516411422550601,0.0687558089532556
2020-02-19,0.0,0.6672439601082909,-0.0196311050979861
2020-02-20,0.151625,0.6765274607435112,0.0017678087791648
2020-02-21,0.0,0.6883701908620424,-0.0745949032764651
2020-02-24,-0.00516,0.6679668741346813,-0.0406337396414488
2020-02-25,-0.01032,0.6640808152489257,-0.0263904705767898
2020-02-26,0.4019,0.6247552240060962,-0.1281458395846271
2020-02-27,0.31565,0.6534974248797687,-0.0162150478009941
2020-02-28,0.31565,0.6534974248797687,0.1132203429321523
2020-03-02,0.2294,0.6822396257534413,0.0025416095259802
2020-03-03,0.1139666666666666,0.670756411024343,0.0053520173720666
2020-03-04,-0.3255166666666667,0.6992123954215135,-0.0333022304450705
2020-03-05,-0.3255166666666667,0.6992123954215135,-0.0290667048694489
2020-03-06,-0.765,0.727668379818684,-0.1357252572024996
2020-03-09,0.0886874999999999,0.6632524487766879,0.0613980238236631
2020-03-10,0.1773749999999999,0.6519735224735579,-0.0172004526705585
2020-03-11,0.0155833333333333,0.6864869775495467,-0.116172423011135
2020-03-12,0.1878166666666666,0.6744924616856611,-0.0248505535904755
2020-03-13,0.1878166666666666,0.6744924616856611,-0.1857780645558401
2020-03-16,0.2263,0.7717106826402171,-0.033410463808802
2020-03-17,0.0084333333333333,0.706126298728784,-0.1603440409986845
2020-03-18,-0.2094333333333333,0.6405419148173509,0.1838768421567878
2020-03-19,-0.2741333333333333,0.7048734780748896,-0.0002571736151377
2020-03-20,-0.0906791666666666,0.6914894703679327,0.0158117470642444
2020-03-23,0.0695708333333333,0.6727662168264159,0.1628174932356298
2020-03-24,0.0463666666666666,0.667426970991856,0.0678217645089267
2020-03-25,0.7096,0.6433422739268898,-0.020565621439638
2020-03-26,0.0,0.6330369700183477,-0.026128393930185
2020-03-27,0.4019,0.570417255194238,-0.0237771485955257
2020-03-30,0.0,0.7031123309944138,0.0435544623934431
2020-03-31,0.6808,0.7317182935538348,-0.0809923905527714
2020-04-01,0.1103499999999999,0.7081034832564197,-0.0562546645498724
2020-04-02,-0.4601,0.6844886729590045,0.0561973469358718
2020-04-03,0.4215,0.6124216200300169,0.0754775752334993
2020-04-06,0.146475,0.5942842034841029,0.056582237006908
2020-04-07,0.296,0.6309981126196943,0.0062149944977303
2020-04-08,0.317,0.6438093941829258,0.0440201574824166
2020-04-09,-0.0064249999999999,0.661078381823476,0.1360383930298492
2020-04-13,0.4019,0.6978871977160247,0.0905445731500638
2020-04-14,0.6318,0.6507575656045436,0.0280888782705652
2020-04-15,0.3159,0.6742744629199398,0.0210734016250004
2020-04-16,0.0,0.6977913602353361,0.0116477235862064
2020-04-17,0.0799,0.6499882160476125,-0.0099882483605731
2020-04-20,0.1114083333333333,0.6820374992902214,-0.0799077799617374
2020-04-21,0.1114083333333333,0.6820374992902214,0.0660968284941083
2020-04-22,-0.0209333333333333,0.6410391972286376,-0.0361694627790739
2020-04-23,0.25195,0.6780033411696625,0.0276632453162877
2020-04-24,0.1607,0.6605851263464348,0.1014962224555282
2020-04-27,0.0,0.6658609002457566,-0.0370954773235768
2020-04-28,0.1967,0.7014082985028909,0.0408128769246769
2020-04-29,0.3934,0.7369556967600251,-0.0232726749233698
2020-04-30,-0.14825,0.6918134502774097,-0.1030337133662409
2020-05-01,-0.06425,0.7203386066574599,0.085367587936316
2020-05-07,-0.2270333333333333,0.6390714154460927,0.0504845627484422
2020-05-08,0.4618,0.7241116890169619,-0.0099216488475673
2020-05-11,-0.1589,0.6096704280272546,-0.0023172703112921
2020-05-12,-0.02065,0.652337916650815,-0.0227943726134135
2020-05-13,0.1591,0.5698544414372725,0.0156391928020402
2020-05-14,0.10115,0.7034264050243557,-0.0051784256506188
2020-05-15,0.1279142857142857,0.6471168971170129,0.0180937855045799
2020-05-18,0.0,0.7071832608393737,-0.0069073433378705
2020-05-19,-0.5093,0.7067810910684365,0.009343957133908
2020-05-20,0.4215,0.5633580157712877,0.014762844784909
2020-05-21,0.21075,0.6331191204742552,-0.012953077701596
2020-05-22,0.0,0.7028802251772227,0.0024360442933191
2020-05-26,0.4566333333333333,0.5808054614880002,0.0016608447192643
2020-05-27,0.0,0.6821657314906244,-0.0175803816204168
2020-05-28,0.0,0.6472661380348363,0.0362244028088376
2020-05-29,0.0,0.6472661380348363,0.07556883131087
2020-06-01,0.0,0.5964626152258119,-0.0184166287841018
2020-06-02,0.0,0.6758363548365441,0.001588043601163
2020-06-03,0.28535,0.618983619463193,-0.021042854169221
2020-06-04,0.5707,0.5621308840898418,0.0246188055382796
2020-06-05,0.0,0.6933946543922158,0.0725560681818036
2020-06-08,0.4254,0.680818359755383,-0.009737634144336
2020-06-09,0.3226833333333333,0.6719983840825426,0.0897020572526978
2020-06-10,0.2199666666666666,0.6631784084097023,-0.0509341048991272
2020-06-11,0.6422333333333333,0.70285845388648,-0.0386086331107897
2020-06-12,0.6391166666666667,0.5985439888377988,0.0594687627923617
2020-06-15,0.07955,0.6584214539550381,-0.0088504906557814
2020-06-16,-0.0754333333333333,0.6949429101435501,0.0098357221169047
2020-06-17,0.1632333333333333,0.6740802471108319,0.012270733625858
2020-06-18,0.1632333333333333,0.6740802471108319,-0.0030478518902198
2020-06-19,0.4019,0.6532175840781137,-0.0065740925163715
2020-06-22,0.0,0.6448975034135624,0.0075025599927995
2020-06-23,-0.0919,0.641689669547882,-0.0408572981876094
2020-06-24,-0.0919,0.641689669547882,0.0261540119830372
2020-06-25,-0.1838,0.6384818356822015,-0.0266131592310482
2020-06-26,0.1177333333333333,0.6530385358385119,0.0516911080118898
2020-06-29,0.2709249999999999,0.6952443865655051,0.0698073149894527
2020-06-30,0.0,0.705358106616872,0.0368768072658178
2020-07-01,0.7411,0.6765821730723414,0.0795173412803385
2020-07-02,0.3917714285714285,0.6707882224984442,0.1347939370342961
2020-07-06,0.1015583333333333,0.6770309073765808,0.0133276885225916
2020-07-07,0.1015583333333333,0.6770309073765808,-0.0172535003098449
2020-07-08,0.1015583333333333,0.6770309073765808,0.0207924564914561
2020-07-09,-0.08965,0.6863414708656295,0.1078477650541864
2020-07-10,0.4355333333333333,0.6771799900486853,-0.0308095851054702
2020-07-13,0.5812166666666667,0.6744316987470553,0.0131858630999019
2020-07-14,0.7269,0.6716834074454254,0.0192575811636048
2020-07-15,0.0,0.6390311228120891,-0.0293465043668996
2020-07-16,0.0179333333333333,0.6604880470613759,0.0001333049437526
2020-07-17,0.0179333333333333,0.6604880470613759,0.0947202875586943
2020-07-20,0.0129,0.6033770560264945,-0.0454290743875025
2020-07-21,0.0,0.5819005219257165,0.0152834765182543
2020-07-22,0.1000428571428571,0.6691371978624875,-0.0497761533857429
2020-07-23,0.5859,0.6540217411938485,-0.0634933937061312
2020-07-24,0.1014199999999999,0.7161219406387394,0.0865208063198523
2020-07-27,0.15048,0.6831541313685714,-0.0409911225779979
2020-07-28,0.4810999999999999,0.66877261853116,0.0153200720490456
2020-07-29,0.27547,0.6865698945152843,-0.0077512574408811
2020-07-30,0.0698399999999999,0.7043671704994087,-0.0381380479871881
2020-07-31,0.0,0.725495573575923,0.0379098927770311
2020-08-03,0.2947333333333333,0.6100096708768896,0.0013467807962437
2020-08-04,0.4215,0.5854576391680725,-0.0013315012524623
2020-08-05,0.4215,0.5722739424974133,0.003070674289896
2020-08-06,0.0,0.6788969576314863,-0.0247519446804119
2020-08-07,0.0,0.6329092375018931,-0.0235009146859761
2020-08-10,-0.074,0.6191677078586844,-0.0311440606522254
2020-08-11,-0.148,0.6514138983450688,0.1312363947417745
2020-08-12,0.2142499999999999,0.6696300983795853,0.0426046504780761
2020-08-13,0.2142499999999999,0.6696300983795853,0.0183281967881143
2020-08-14,0.5764999999999999,0.6878462984141017,0.1120305815451947
2020-08-17,-0.0904666666666666,0.6641208386512213,0.0280283741956939
2020-08-18,0.2294,0.6771498200908335,-0.0045360591168615
2020-08-19,0.0687666666666666,0.6817690589847087,0.0656364366744592
2020-08-20,0.1138666666666666,0.6791332469672656,0.0240529267290705
2020-08-21,0.0,0.711918837792135,-0.0174538064482562
2020-08-24,0.3182,0.5901287250855494,0.0045377511853743
2020-08-25,0.28095,0.637407851396774,0.0641661916535625
2020-08-26,0.2437,0.6846869777079988,0.0397460792064241
2020-08-27,0.1404999999999999,0.6706323234802257,-0.0113232994399078
2020-08-28,0.0139249999999999,0.7126974435635629,0.1256890549105465
2020-08-31,-0.0008999999999999,0.6819829127897354,-0.046696908046846
2020-09-01,-0.296,0.6924755130852485,-0.0582675652408364
2020-09-02,0.085975,0.6623565837021597,-0.0902384920331604
2020-09-03,0.46795,0.6322376543190708,0.0278132472752659
2020-09-04,0.233975,0.6404753705174875,-0.2106282432039079
2020-09-08,0.0,0.7211725678670219,0.1092334943382573
2020-09-09,0.4927,0.7098187844290187,0.0138145825877706
2020-09-10,0.0,0.596581309485456,0.0037162634432792
2020-09-11,0.4939,0.6858906393464312,0.1258317707423399
2020-09-14,0.4215,0.6314303171450615,0.0718268514026634
2020-09-15,0.463225,0.6509869265286049,-0.017787298462508
2020-09-16,0.0636,0.6573888621263376,-0.0414931245294233
2020-09-17,0.0,0.6455072811402173,0.0442104184349159
2020-09-18,0.6369,0.7219346375843603,0.016374511668703
2020-09-21,0.1586,0.7061439652118257,-0.0559869468234628
2020-09-22,0.4019,0.7056025605730224,-0.1034109073848393
2020-09-23,0.24695,0.631393427772206,0.0195341463945935
2020-09-24,-0.3612,0.6703499628168109,0.0504138512137659
2020-09-25,0.0,0.7066769561524334,0.0340255940397897
2020-09-28,0.3182,0.669349929437317,-0.0050569194155491
2020-09-29,0.0,0.5545161085574204,0.023719120314277
2020-09-30,0.42125,0.6134862928444321,0.044637748768495
2020-10-01,0.42125,0.6134862928444321,-0.0737906918190171
2020-10-02,0.8425,0.6724564771314439,0.0255125317897579
2020-10-05,0.3766285714285714,0.660878164459507,-0.0274853935119243
2020-10-13,0.0,0.6890064200009016,0.0327997181163728
2020-10-14,0.22568,0.6261363391608408,-0.0269239074303192
2020-10-15,0.36449,0.6247645733701962,-0.0205176804695688
2020-10-16,0.5033,0.6233928075795516,-0.0201060143441705
2020-10-19,0.264725,0.666109860890608,-0.0206345875446588
2020-10-20,-0.0204499999999999,0.6449614212696206,0.0016590325709362
2020-10-21,0.0,0.6430348490519655,0.007453064711647
2020-10-22,0.0459499999999999,0.6262734559027363,-0.0121185517556048
2020-10-23,-0.157625,0.6256112269112486,-0.0008320996760948
2020-10-26,-0.157625,0.6256112269112486,0.0104691598237565
2020-10-27,-0.3612,0.6249489979197608,-0.0439389751905624
2020-10-28,0.0,0.5935365912427624,0.0118467013663008
2020-10-29,0.1127333333333333,0.6635392824872943,-0.0554730521894949
2020-10-30,0.0563666666666666,0.5862711465094416,0.0321358266613487
2020-11-02,0.3062,0.6458098833177133,0.0584006170111943
2020-11-03,0.1531,0.6734445979341059,-0.0068884846035798
2020-11-04,0.1531,0.6734445979341059,0.0406433005438622
2020-11-05,0.0,0.7010793125504987,-0.0185806557047475
2020-11-06,0.2583,0.6803002663630191,-0.0202116583395449
2020-11-09,0.0,0.7076423955483897,-0.0258747425310226
2020-11-10,0.9055,0.6431849494774635,0.0164977197153513
2020-11-11,0.45275,0.6681691075058693,-0.01287374576728
2020-11-12,0.0,0.6931532655342753,-0.0079171462831602
2020-11-13,0.10632,0.7089432593245759,-0.0010037182511209
2020-11-16,0.2742333333333333,0.6251745472256017,0.0821387925017795
2020-11-17,0.0,0.6808978991561231,0.1019677586611877
2020-11-18,-0.0244,0.6460457664799851,0.0259535183245156
2020-11-19,0.2023,0.5803767990233081,-0.0193482550207578
2020-11-20,0.2809,0.6277517949237537,0.0658482750160953
2020-11-23,0.4186,0.6326848999663806,0.0642521785331859
2020-11-24,0.2003,0.6739299447532167,0.0335265862383566
2020-11-25,0.23125,0.6405075461297305,0.0204877958527087
2020-11-27,0.3057,0.6325202230413007,-0.0310024396453862
2020-11-30,0.3062,0.7165903651646655,0.0302325650790993
2020-12-01,0.3062,0.7165903651646655,-0.0272589986893191
2020-12-02,0.6124,0.7228316358864809,0.043177070645787
2020-12-03,0.0,0.6632596212509538,0.0095385302806909
2020-12-04,0.0,0.6723380644598015,0.0713141326897253
2020-12-07,0.0,0.6766581573804682,0.012652697560912
2020-12-08,0.4926,0.6949564987592844,-0.0698590426253157
2020-12-09,0.0,0.6896301287880531,0.0373709576785941
2020-12-10,0.0,0.6886177758988953,-0.0272377673758681
2020-12-11,0.100475,0.6875175968709379,0.0489188533057269
2020-12-14,0.20095,0.6864174178429806,-0.0102840319661164
2020-12-15,0.320675,0.7012442542044204,-0.0165495396447927
2020-12-16,0.320675,0.7012442542044204,0.0531978185642552
2020-12-17,0.4404,0.71607109056586,0.059612778969587
2020-12-18,0.3452285714285714,0.6961403835320767,-0.0649496818937741
2020-12-21,0.7035,0.6020350335213255,-0.0146492690263622
2020-12-22,0.573775,0.5922786716740586,0.0088077720741002
2020-12-23,0.573775,0.5922786716740586,0.0244434951892225
2020-12-24,0.44405,0.5825223098267917,0.0029013074041133
2020-12-28,0.0,0.6980015216760944,0.0034655239852263
2020-12-29,0.2368428571428571,0.6592470173600733,0.0432288658824449
2020-12-30,0.0370666666666666,0.6710428179632465,0.0156739811912225
2020-12-31,0.5594,0.6528856198636841,0.0341519718082907
2021-01-04,-0.1531,0.6556772974505057,0.0073173689061312
2021-01-05,0.035275,0.6766725327184426,0.0283903022674965
2021-01-06,0.035275,0.6766725327184426,0.079446563608581
2021-01-07,0.22365,0.6976677679863795,0.0784029947046744
2021-01-08,0.3953,0.6668400169876089,-0.0782141172150082
2021-01-11,0.089875,0.6505026684092569,0.0471529479960064
2021-01-12,0.17975,0.7158010268260651,0.0058509508899942
2021-01-13,-0.0980999999999999,0.6256286739825156,-0.0110135231572978
2021-01-14,0.2439,0.665368173869512,-0.0222958544595338
2021-01-15,0.5859,0.7051076737565083,0.0222596291834877
2021-01-19,0.7268,0.6641489866280309,0.0069859978679069
2021-01-20,0.7268,0.6641489866280309,-0.0064201562634901
2021-01-21,0.8176,0.7195307221486102,0.001952642514083
2021-01-22,0.52315,0.6852179645873068,0.0403478061146036
2021-01-25,0.0772,0.624709234637344,0.0025999188207492
2021-01-26,0.3340666666666667,0.675994810733639,-0.0214360847706407
2021-01-27,0.1844333333333333,0.6695256364305471,-0.0332462401466606
2021-01-28,0.0347999999999999,0.6630564621274552,-0.0501537349140389
2021-01-29,0.1623666666666666,0.6451156825968375,0.0583216728676345
2021-02-01,0.4215,0.6709275308745398,0.0392707265317158
2021-02-02,0.0,0.677205301465297,-0.0207380653325632
2021-02-03,-0.00075,0.6771836508074807,-0.0054991198109066
2021-02-04,-0.0015,0.6771620001496644,0.0026353496607176
2021-02-05,0.06225625,0.6675034043533117,0.0131302972383458
2021-02-08,0.0,0.6763237240476265,-0.0161683216431521
2021-02-09,0.1769166666666667,0.6733870779601935,-0.0525509443039983
2021-02-10,0.3538333333333334,0.6704504318727604,0.0084987898117356
2021-02-11,0.1755,0.6803053346089953,0.0054949009034128
2021-02-12,0.2307249999999999,0.6865027667418158,-0.0243836608236717
2021-02-16,0.20095,0.6744331612363486,0.0024238672272682
2021-02-22,0.0,0.6342194431087224,-0.0219174294299173
2021-02-23,0.0,0.6085603458783526,0.0617880726639226
2021-02-24,0.0,0.670932748486253,-0.0805908249604526
2021-02-25,0.0337166666666666,0.6480326426902417,-0.0098501522110203
2021-02-26,0.125,0.6696911601317412,0.0635529114819255
2021-03-01,-0.0903,0.6673555357211285,-0.044527636486599
2021-03-02,0.0986666666666666,0.6866433530502364,-0.0484237582833956
2021-03-03,0.0,0.5921965688697356,-0.0486221818311275
2021-03-04,0.0,0.620103369226608,-0.037799313531283
2021-03-05,0.0,0.6480101695834805,-0.0584496728285431
2021-03-08,0.1806,0.6202985579906715,0.1964120760817838
2021-03-09,0.0903,0.6446749235290803,-0.0081950691083265
2021-03-10,0.0903,0.6446749235290803,0.0472113423653142
2021-03-11,0.0,0.6690512890674891,-0.008390501992574
2021-03-12,-0.3802,0.6760375056001944,0.0204834612062227
2021-03-15,0.0,0.7427156321013223,-0.0438737719594043
2021-03-16,0.0,0.7088183754621706,0.0368307426101173
2021-03-17,0.0,0.674921118823019,-0.0693207276395116
2021-03-18,0.0308333333333333,0.6410214562728549,0.0026180050626212
2021-03-19,0.0154166666666666,0.65910240880309,0.0231038302993886
2021-03-22,0.0518,0.6915734491932668,-0.0117014645636592
2021-03-23,0.1036,0.7059635370532086,-0.0481605872781022
2021-03-24,0.0,0.7129711765156825,0.0160566274015578
2021-03-25,-0.2875,0.69846667200943,-0.0338543824157675
2021-03-26,-0.14375,0.6962448569462218,-0.0119926670211126
2021-03-29,0.2328,0.6580926778549832,0.0398010788512124
2021-03-30,0.4656,0.6888251087974149,0.0508322055844401
2021-03-31,0.2328,0.6737563960411347,-0.0092524559231199
2021-04-01,0.0,0.6586876832848545,0.0442765912277189
2021-04-05,0.30876,0.6271375940038502,0.0008247761127986
2021-04-07,0.3155,0.6835211631944511,0.0191215961343642
2021-04-08,0.1122,0.6085287723047887,-0.0099151557330346
2021-04-09,0.1096,0.6623006688922242,0.0368674123012944
2021-04-12,0.4615,0.618466955322279,0.0859569036478478
2021-04-13,0.4615,0.618466955322279,-0.0394716670464749
2021-04-14,0.923,0.6268108569895846,0.0090409312239807
2021-04-15,0.0,0.6951066957287972,0.0012587029151958
2021-04-16,0.0,0.6455353936878632,-0.0339965846863086
2021-04-19,0.266325,0.6269944628678175,0.0061010172675219
2021-04-20,0.5326500000000001,0.6390869222475501,0.0349517934398941
2021-04-21,0.3616416666666667,0.6402207729091307,-0.0328306967669932
2021-04-22,0.1906333333333333,0.6413546235707114,0.0134919082134514
2021-04-23,0.2417916666666666,0.6781348216953595,0.0120647150060255
2021-04-26,-0.0551166666666666,0.6014362579041991,-0.0453264790736828
2021-04-27,-0.34,0.591408116071276,-0.0146720943042283
2021-04-28,0.0,0.7084690103419153,-0.0250575517197484
2021-04-29,0.2732,0.6836235896695335,0.047917239575582
2021-04-30,0.1366,0.6794355181698383,-0.0345906327113006
2021-05-03,0.31845,0.586987384263171,-0.016498740899282
2021-05-04,0.31845,0.586987384263171,-0.0039489590803735
2021-05-05,0.0,0.6562050364664231,-0.0110293385207849
2021-05-06,0.0342333333333333,0.6628807964415259,0.0133074609534211
2021-05-07,0.31195,0.7180069858564178,-0.0644437313978407
2021-05-10,0.2897,0.7063040168099082,-0.0188222787642883
2021-05-11,0.2202,0.707703566059992,-0.0442482129268542
2021-05-12,0.7003,0.6771142522288668,-0.0308532039808964
2021-05-13,0.3612499999999999,0.7001194397887555,0.0315730329971135
2021-05-14,0.3707249999999999,0.6616879803460938,-0.0218909829468402
2021-05-17,0.3707249999999999,0.6616879803460938,0.0018029458511532
2021-05-18,0.3802,0.6232565209034321,-0.0249363838658884
2021-05-19,0.0,0.7136824577739499,0.0413871280233637
2021-05-20,0.0122,0.6773105837527238,-0.0100549171289251
2021-05-21,0.2006166666666666,0.6918855537883564,0.0440022264046771
2021-05-24,0.69005,0.7137879756407788,-0.0028856683829658
2021-05-25,0.345025,0.710328135763977,0.0238799575007826
2021-05-26,0.0,0.7068682958871754,0.0189298401542434
2021-05-27,0.0,0.6784556795979518,-0.0089245228021593
2021-05-28,0.0,0.6500430633087283,-0.0021112685996239
2021-06-01,0.1806,0.6650461011832671,-0.0301009523377681
2021-06-02,0.0,0.6904087109094789,-0.0533447643128309
2021-06-03,0.0,0.6863189293405241,0.0457544705755152
2021-06-04,0.0,0.6822291477715693,0.0101494316983059
2021-06-07,0.0,0.6468738048192609,-0.0025449217418787
2021-06-08,0.0,0.6468738048192609,-0.007968981371759
2021-06-09,0.0,0.6468738048192609,0.0189385017402556
2021-06-10,0.0,0.6468738048192609,-0.0003770180312155
2021-06-11,0.0,0.6754813115374565,0.0127892218490233
2021-06-14,0.037075,0.6618503079679086,-0.0296750825796204
2021-06-15,0.40085,0.6479140999430058,0.009193155632698
2021-06-16,0.4939,0.6614714181764217,0.0193926145867886
2021-06-17,0.3182,0.554699522021347,0.0108822433062087
2021-06-18,0.7351,0.5741148676098922,-0.0039788005873793
2021-06-21,0.4215,0.6603036690122304,0.004638983624974
2021-06-22,0.5859,0.6903196981762643,0.052684766182075
2021-06-23,0.7336499999999999,0.6422644341836835,0.0354113029841545
2021-06-24,0.8814,0.5942091701911028,-0.0116943120263122
2021-06-25,0.288925,0.6813520403317842,0.0250792656704019
2021-06-28,0.6797500000000001,0.6281907519468092,-0.0115576819313489
2021-06-29,0.339875,0.6371804526279612,-0.0015570796861552
2021-06-30,0.0,0.6461701533091133,-0.0026188230779431
2021-07-01,0.0995857142857143,0.6724318108651295,0.0014456370513082
2021-07-02,0.5806,0.5987301105192137,-0.0284578097859474
2021-07-06,0.2553,0.687795770137385,-0.0226356285713987
2021-07-07,0.0,0.7097306035350163,0.0126580372905731
2021-07-08,0.14114,0.6573565760722986,0.0063418370795798
2021-07-09,0.0803666666666666,0.6882043679407518,0.0437628194032984
2021-07-12,0.0,0.6653085272532387,-0.0250255268170938
2021-07-13,0.4071,0.7135480172583978,-0.0226762625356234
2021-07-14,-0.04035,0.6385942806565892,-0.0042547962265779
2021-07-15,0.0852,0.6358835929579847,-0.0098063165757307
2021-07-16,0.0852,0.6358835929579847,0.0031044820577776
2021-07-19,0.20995,0.635149855904776,0.0220977834283766
2021-07-20,0.4199,0.5745400473638976,-0.0078880198502402
2021-07-21,0.20995,0.6184013916821868,-0.0092020078479763
2021-07-22,0.20995,0.6184013916821868,-0.0090564248759862
2021-07-23,0.0,0.6622627360004759,0.0221330699272443
2021-07-26,0.0,0.6239778283119398,-0.0195249481968724
2021-07-27,-0.0129,0.7349611182439306,0.0034120354402995
2021-07-28,0.4588,0.6430437402080601,0.0469411880742298
2021-07-29,0.2997,0.66787334056539,0.0145419285085826
2021-07-30,0.2849,0.6777273182771921,0.0326979286660045
2021-08-02,0.2997,0.6560919543200654,9.862621233169833e-05
2021-08-03,0.6388333333333334,0.63937202414769,0.0016625488317687
2021-08-04,0.0,0.6760479576484946,0.0052186424923073
2021-08-05,0.1591,0.6616015649815568,-0.0217315230840983
2021-08-06,0.0,0.676782759223217,0.020969779282747
2021-08-09,0.1901,0.6634128906664882,-0.0052818934956782
2021-08-10,0.1901,0.6634128906664882,-0.0030563570472872
2021-08-11,0.1901,0.6634128906664882,0.020386528392057
2021-08-12,0.1901,0.6634128906664882,-0.0070335570401739
2021-08-13,0.3802,0.6500430221097595,-0.0432254973537064
2021-08-16,0.0,0.6248370601177285,-0.0298176497163502
2021-08-17,0.0,0.6248370601177285,0.0349701571040286
2021-08-18,0.0,0.6002310379742443,-0.0225256882899029
2021-08-19,0.0,0.6513622418825666,0.0100820565168566
2021-08-20,0.0,0.6513622418825666,0.038279517534598
2021-08-23,0.0,0.7024934457908891,0.0031006472789958
2021-08-24,0.0,0.648750831670809,0.0038250458739306
2021-08-25,0.0,0.648750831670809,-0.014116975997208
2021-08-26,0.0,0.648750831670809,0.0153460119080184
2021-08-27,0.0,0.5950082175507291,0.0266743526449431
2021-08-30,-0.3163,0.6956461991069802,0.006580834075438
2021-08-31,0.0129,0.6729696518597477,-0.0022155233598404
2021-09-01,0.0,0.5872194993704349,-0.0023157881477566
2021-09-02,0.0,0.6365080453592342,0.0016111325842673
2021-09-03,0.28595,0.6932056348814652,0.0263778385893962
2021-09-07,0.0,0.6695650820941761,0.0012617502122473
2021-09-08,0.0,0.6695650820941761,0.0013132310870769
2021-09-09,0.0,0.688006959398304,-0.0246270383661343
2021-09-10,0.0,0.6558394669792035,0.0091406624594381
2021-09-13,0.0,0.6658883665979087,0.0020053498586631
2021-09-14,0.0,0.6677415364157187,0.015231899000174
2021-09-15,0.0,0.6695947062335285,0.0015347617076681
2021-09-16,0.2732,0.5939145901891434,0.0033025333532406
2021-09-17,0.4926,0.6574623657866753,-0.0386048433059422
2021-09-20,0.41105,0.6388160821195626,0.0126135310896808
2021-09-21,0.8221,0.5919078663016054,0.0169871810945057
2021-09-22,0.6025750000000001,0.6118081103172218,0.0022608146164888
2021-09-24,0.6025750000000001,0.6118081103172218,0.0219140632204373
2021-09-27,0.470325,0.6363336477001086,-0.0174383561231787
2021-09-28,0.470325,0.6363336477001086,0.0048227787753933
2021-09-29,0.470325,0.6363336477001086,-0.0074618094773734
2021-09-30,0.470325,0.6363336477001086,-0.0003352887910832
2021-10-01,0.470325,0.6363336477001086,0.0081396213981272
2021-10-04,0.0,0.6800589616546722,-0.001202850103416
2021-10-05,0.31925,0.6848847946347071,0.0027671424905384
2021-10-12,0.0,0.6291729711196391,0.00665237902232
2021-10-13,0.0,0.6875713138468882,0.0089264710995042
2021-10-14,0.0,0.7459696565741373,0.0301959995019152
2021-10-15,-0.1292,0.7070382220380151,0.0321222449364344
2021-10-18,0.16715,0.6649257836286654,-0.0067118606402704
2021-10-19,0.5927,0.6617447797554377,0.0017703140411262
2021-10-20,0.29635,0.6568729113615881,0.0325710107334951
2021-10-21,0.29635,0.6568729113615881,0.0175391075595112
2021-10-22,0.0,0.6520010429677386,0.1266159836258198
2021-10-25,0.0,0.6877788847648066,-0.0062740503925067
2021-10-26,0.0193,0.6674230393574199,0.0190784388057105
2021-10-27,0.0193,0.6674230393574199,0.0377507487297992
2021-10-28,0.0193,0.6674230393574199,0.0343162943617936
2021-10-29,0.0386,0.6470671939500331,0.0849102277797451
2021-11-01,0.07655,0.6718683685205984,-0.0302749952920325
2021-11-02,0.038275,0.677305548742061,0.0357167380197345
2021-11-03,0.0,0.6827427289635234,0.0132222978796836
2021-11-04,0.0,0.6549323722389695,-0.006358169933862
2021-11-05,0.085,0.6964694564577016,-0.0484007095338631
2021-11-08,0.085,0.7042198826202999,-0.1199030325435984
2021-11-09,0.0,0.6704332245641659,0.0434294519296247
2021-11-10,0.418,0.6790597510039846,-0.0041575288246016
2021-11-11,0.836,0.6876862774438033,-0.0282931020159921
2021-11-12,0.4887499999999999,0.6942297205706711,-0.0193822444993675
2021-11-15,0.0,0.7111895676324601,0.0407937684260282
2021-11-16,0.2227,0.7105456914663821,0.0325012082846662
2021-11-17,0.4454,0.7099018153003043,0.0067676102677005
2021-11-18,-0.38585,0.6571439331174187,0.0371039180092043
2021-11-19,0.3938,0.6824529531928503,0.0174221220804611
2021-11-22,0.195675,0.6538673777817672,-0.0413529327272921
2021-11-23,0.4497,0.6848683569055808,0.0062847724844008
2021-11-24,0.6249,0.6582623765928286,-0.030537595031082
2021-11-26,0.69465,0.6109265426756958,0.0509002279002275
2021-11-29,0.4767,0.6477302188094101,0.0068338234037736
2021-11-30,0.2594333333333333,0.670552237228697,-0.0434676345619486
2021-12-01,0.07655,0.6928607253667152,-0.0094977391909246
2021-12-02,0.0386,0.6924943198309214,-0.0641987607713322
2021-12-03,0.0,0.6294875703302643,-0.005872086315763
2021-12-06,0.003025,0.6947468912256997,0.042358371411876
2021-12-07,0.0475624999999999,0.7016206692949329,0.0163631955842291
2021-12-08,0.0920999999999999,0.7084944473641663,-0.0609564458190524
2021-12-09,0.216275,0.6901864510035801,0.0131799270223116
2021-12-10,0.34045,0.6718784546429939,-0.0497724302077294
2021-12-13,0.7351,0.6955775515095761,-0.0081745781976764
2021-12-14,0.0,0.7163560987836907,0.0182366181335567
2021-12-15,-0.08895,0.6764673086408284,-0.0502771327902586
2021-12-16,-0.1779,0.6365785184979662,0.0060954494461815
2021-12-17,0.1306833333333333,0.6504380011002512,-0.0349892712173617
2021-12-20,0.1241999999999999,0.7047430127374694,0.0428805630257957
2021-12-21,0.0,0.6936479439715539,0.0749470552371662
2021-12-22,0.4019,0.6062554647449744,0.0576188630553096
2021-12-23,0.4465,0.6523216314412567,0.0252483914990666
2021-12-27,0.3612,0.692727221606886,-0.0050002753427934
2021-12-28,0.1806,0.6873018582261766,-0.002094710276184
2021-12-29,0.1806,0.6873018582261766,-0.0145922683836461
2021-12-30,0.1806,0.6873018582261766,-0.0126688408238599
2021-12-31,0.1806,0.6873018582261766,0.1353166841897706
2022-01-03,0.105375,0.6076561158812479,-0.041832696836128
2022-01-04,0.105375,0.6076561158812479,-0.0534712136768363
2022-01-05,0.105375,0.6076561158812479,-0.0215233738308541
2022-01-06,0.21075,0.5334357369170287,-0.0354465674517168
2022-01-07,0.0,0.6928758937377522,0.0303419534138018
2022-01-10,0.0,0.7055045818244833,0.0059350246575986
2022-01-11,0.0,0.7055045818244833,0.0392897489318417
2022-01-12,0.0,0.7055045818244833,-0.0674910733143576
2022-01-13,0.0,0.7055045818244833,0.017497758575059
2022-01-14,0.0,0.7062417363771464,-0.0181972412325309
2022-01-18,-0.6901,0.7273248696864217,-0.0338278969185718
2022-01-19,0.17,0.679076680885133,0.0006227038828787
2022-01-20,0.1806,0.6802440882871779,-0.052566067125072
2022-01-21,-0.4939,0.6853623761187033,-0.0147261298721956
2022-01-24,0.11225,0.6969023601756672,-0.0124731248424899
2022-01-25,0.7184,0.708442344232631,0.0206990525827113
2022-01-26,0.6588,0.6280497408512149,-0.1155417556197044
2022-01-27,-0.1569999999999999,0.7100238670004642,0.0208056927668702
2022-01-28,0.6486,0.7178227732940845,0.1067761138393095
2022-01-31,0.0,0.7133861333192029,-0.0058395266373975
2022-02-01,0.1237333333333333,0.6766226587356519,-0.0274791915989143
2022-02-02,0.2474666666666666,0.639859184152101,-0.0160324950248791
2022-02-09,0.4227,0.674608081740861,-0.0294527710174682
2022-02-10,0.5994,0.6568745026650868,-0.0492510296962641
2022-02-11,0.0,0.718108542251865,0.018325664372135
2022-02-14,0.0,0.6579169379511391,0.0532907642827684
2022-02-15,0.0,0.7200267368737255,0.0010407532409399
2022-02-16,0.26335,0.7182882769899681,-0.0509426990066609
2022-02-17,0.5267,0.7165498171062107,-0.0221030352967207
2022-02-18,0.624,0.6752591612485378,-0.0413662422345285
2022-02-22,0.4116999999999999,0.6804511909833544,-0.0699791759952694
2022-02-23,0.4116999999999999,0.6804511909833544,0.0480734550026278
2022-02-24,0.4116999999999999,0.6804511909833544,0.0113640313248295
2022-02-25,0.4116999999999999,0.6804511909833544,0.0747774685335871
2022-02-28,0.20095,0.6663163437518422,-0.0069621433455585
2022-03-01,0.20095,0.6663163437518422,0.0179552971145164
2022-03-02,0.0,0.6828998534957822,-0.0461421044882577
2022-03-03,0.08895,0.6754054914895142,-0.0011915196265851
2022-03-04,0.1226875,0.6849270177095745,-0.0402128050420025
2022-03-07,0.4588,0.7364019624226265,0.0246339421032322
2022-03-08,0.184925,0.7164286016268058,0.0419335751788576
2022-03-09,0.184925,0.7164286016268058,-0.0240637553301487
2022-03-10,0.184925,0.7164286016268058,-0.0512345859010529
2022-03-11,0.184925,0.7164286016268058,-0.0364368023686874
2022-03-14,0.0287999999999999,0.6670956982533096,0.0463483555462533
2022-03-15,0.0,0.7367475166993164,0.0478120404252786
2022-03-16,0.8313,0.6293359777001598,0.0373350104690226
2022-03-17,0.34435,0.6761702452690901,0.0387677942765043
2022-03-18,0.547225,0.6943725106607359,0.017417963888751
2022-03-21,0.7088,0.6270041002511287,0.0790524377817913
2022-03-22,0.0,0.6473910094863998,0.0051611360578402
2022-03-23,-0.0669833333333333,0.6706235253560688,0.0148231284201352
2022-03-24,-0.1339666666666666,0.6938560412257377,-0.0032349379803172
2022-03-25,0.5165500000000001,0.7132666346276983,0.0803450783611821
2022-03-28,0.22315,0.6648550087402259,0.0070798580959405
2022-03-29,0.111575,0.6591101479862607,-0.0050747541451513
2022-03-30,0.111575,0.6591101479862607,-0.0149818131423394
2022-03-31,0.111575,0.6591101479862607,0.0064865993682725
2022-04-01,0.0,0.6533652872322955,0.0561134129875917
2022-04-04,0.4215,0.6612421542029278,-0.0473089715442011
2022-04-05,0.0772,0.7482275953999388,-0.0416948942943683
2022-04-06,0.46055,0.6883722217725642,0.0109968161052127
2022-04-07,0.8439,0.6285168481451896,-0.0300494479654184
2022-04-08,0.4738,0.5952186972248742,-0.0483280860738044
2022-04-11,-0.0683,0.7114040942574971,0.0112918135664994
2022-04-12,-0.0683,0.7114040942574971,0.0358883560359126
2022-04-13,-0.0683,0.7114040942574971,-0.0365523188084326
2022-04-14,0.0,0.709629670551696,0.019583733431163
2022-04-18,0.63935,0.6450429320981071,0.0237580934452494
2022-04-19,0.0258,0.685905103941796,-0.0495550367137007
2022-04-20,0.0,0.6758042674724132,0.0323168406624549
2022-04-21,0.1926666666666666,0.6438293294125048,-0.0036975766723952
2022-04-22,0.0,0.6729349564901475,-0.0069946453878937
2022-04-25,0.2037,0.6967319136367075,-0.1218412188194887
2022-04-26,0.0086,0.6805794296896877,0.0058076784704732
2022-04-27,0.1494,0.7053720024981334,-0.004537702888526
2022-04-28,0.2135,0.6879341411399725,-0.0076922202135913
2022-04-29,-0.4926,0.6947269022120258,0.0369562847143329
2022-05-02,0.2825333333333333,0.6933885449726235,0.0069882797619633
2022-05-03,0.2086,0.7066305183007842,0.0476986457646855
2022-05-06,0.7579,0.6970784708933717,-0.0907294880724968
2022-05-09,-0.115425,0.703965807425373,0.0164271739863726
2022-05-10,-0.0577125,0.6989459991821654,-0.0825458284364604
2022-05-11,0.0,0.6939261909389577,-0.0081743867510473
2022-05-12,0.227775,0.6714583707974764,0.057129093691457
2022-05-13,-0.1548,0.7170069452738945,-0.0587585616183726
2022-05-16,0.3322125,0.673464072865374,0.0514101777895292
2022-05-17,0.4184,0.6870403938740758,-0.068013798124059
2022-05-18,-0.1210499999999999,0.6913776084187742,-0.0005494634476534
2022-05-19,0.50022,0.6796435709403376,-0.0641650571614186
2022-05-20,0.42596,0.7099074770004032,0.0165687141598596
2022-05-23,0.11765,0.691569991087206,-0.0692546469050758
2022-05-24,0.0,0.7525474972278193,0.0487773791179582
2022-05-25,-0.0171428571428571,0.7228941319416952,0.0742713893682931
2022-05-26,-0.0342857142857142,0.693240766655571,0.0733330625374257
2022-05-27,0.2446399999999999,0.689274744460374,-0.0018035633890551
2022-05-31,-0.0386,0.7039629191734535,-0.0235934902002735
2022-06-01,0.0,0.7021018118016769,0.0467739800387407
2022-06-02,0.214775,0.6927771635167108,-0.0921935998852696
2022-06-03,0.42955,0.6834525152317447,0.0160472016783606
2022-06-06,-0.08062,0.6941262109767112,0.0025460558898939
2022-06-07,-0.5719,0.6839224434956651,0.0124745164326014
2022-06-08,-0.28595,0.6923040180624924,-0.0089305553084624
2022-06-09,-0.28595,0.6923040180624924,-0.0311909112343832
2022-06-10,0.0,0.7006855926293197,-0.0710215399070596
2022-06-13,0.139575,0.6745517226367406,0.0238871570556404
2022-06-14,0.0,0.6830594659154301,0.0548236708036273
2022-06-15,0.1368,0.6604456890132777,-0.0854076991265423
2022-06-16,0.0386749999999999,0.6808250046834652,0.0171749802838692
2022-06-17,0.0386749999999999,0.6808250046834652,0.0935443480214786
2022-06-21,0.4258625,0.7076961593185294,-0.0040078058841535
2022-06-22,0.4258625,0.7076961593185294,-0.0043063108899484
2022-06-23,0.4258625,0.7076961593185294,0.0452488934505932
2022-06-24,0.4258625,0.7076961593185294,-0.0032016505127857
2022-06-27,0.4258625,0.7076961593185294,-0.0500435578248114
2022-06-28,0.4258625,0.7076961593185294,-0.0179371823809089
2022-06-29,0.4258625,0.7076961593185294,-0.0175792277993773
2022-06-30,0.4258625,0.7076961593185294,0.0124291316669797
2022-07-01,0.4258625,0.7076961593185294,0.0255357048139746
2022-07-05,0.2202,0.6445704241269905,-0.0057208020003853
2022-07-06,0.1486333333333333,0.703524542530979,0.0552790448805928
2022-07-07,0.1964166666666666,0.6794221268826992,0.0254351696876002
2022-07-08,0.3365583333333333,0.7034970272644125,-0.0654800594814685
2022-07-11,0.4767,0.727571927646126,-0.0054336116369887
2022-07-12,0.35,0.6542301821258985,0.0170334484796728
2022-07-13,0.1334333333333333,0.6517335826555456,0.0053718612189148
2022-07-14,0.3911416666666666,0.6717517022535204,0.00735723154086
2022-07-15,0.64885,0.6917698218514952,0.0019994268102179
2022-07-18,0.609775,0.6550342801763296,0.0207167182193168
2022-07-19,0.5707,0.618298738501164,0.0080234644666532
2022-07-20,0.28535,0.6536758889987745,0.0978047072285352
2022-07-21,0.28535,0.6536758889987745,0.0019752262198982
2022-07-22,0.0,0.689053039496385,-0.0139949354715402
2022-07-25,0.448225,0.6865854323993721,-0.0356637312112531
2022-07-26,0.3036625,0.7028530859248039,0.0616550369922206
2022-07-27,0.1591,0.7191207394502356,0.0221235223427265
2022-07-28,0.4019,0.6858978304372092,0.0578497698579101
2022-07-29,0.3307333333333333,0.6696013928031256,0.0004263115241422
2022-08-01,0.0,0.6339691776139219,0.0111344005982036
2022-08-02,0.5751,0.6983487605203316,0.0226556871612562
2022-08-03,0.722,0.676185474536726,0.0040230228534861
2022-08-04,0.8689,0.6540221885531204,-0.0663030068235908
2022-08-05,0.2235,0.6738249885917892,0.0078194340528796
2022-08-08,0.0,0.6924891953881597,-0.024412625864385
2022-08-09,0.0,0.6924891953881597,0.038905817766766
2022-08-10,0.0,0.7267429380700057,-0.0262492925442064
2022-08-11,-0.1305333333333333,0.6826073142233127,0.0467501436284136
2022-08-12,0.0,0.6876418915311924,0.0309635989158392
2022-08-15,0.580075,0.6809000217124204,-0.0089120757931442
2022-08-16,0.8748,0.6917993905432863,-0.0083723335112244
2022-08-17,0.1556,0.6788147029185687,-0.0037062197211366
2022-08-18,0.31055,0.6794238673379094,-0.0204818526861555
2022-08-19,0.4654999999999999,0.6800330317572502,-0.0227640224075839
2022-08-22,0.6905,0.6852541187419243,0.0225584954757323
2022-08-23,0.34525,0.6894629890925129,0.0021701258870663
2022-08-24,0.0,0.6936718594431015,-0.0034556844067095
2022-08-25,-0.3288,0.7069370644204506,-0.0269531218594168
2022-08-26,-0.6576,0.7202022693977996,-0.0113505816072718
2022-08-29,0.5332166666666667,0.6598110153532295,-0.0249982267189629
2022-08-30,0.6114,0.6065691923982683,-0.0075262036859782
2022-08-31,0.4958,0.6605193736042514,0.005623955563764
2022-09-01,0.3802,0.7144695548102346,-0.0250758122211028
2022-09-02,0.09465,0.7184629387255889,0.0155805562554711
2022-09-06,-0.09545,0.6799291661127592,0.033816771099826
2022-09-07,0.0,0.6374020095845753,0.0195981576290391
2022-09-08,-0.2128,0.6849634735447123,0.0360228948294618
2022-09-09,-0.2315666666666666,0.6843001950831368,0.0158169409630266
2022-09-12,0.0,0.7089730441442531,-0.0403718809632054
2022-09-13,0.0,0.6914691928376526,0.0358743720041836
2022-09-14,0.34,0.6771791715146013,0.0037672737306175
2022-09-15,0.41695,0.6729705351710634,-0.0013168523341049
2022-09-16,0.41695,0.6729705351710634,0.018856110452001
2022-09-19,0.0088428571428571,0.7039400061944505,-0.0011000625419275
2022-09-20,0.0044214285714285,0.6984680090104747,-0.0256859485996343
2022-09-21,0.0,0.692996011826499,-0.0405917285591177
2022-09-22,0.0,0.676267199795793,-0.0459475724518868
2022-09-23,0.0,0.676267199795793,0.0024698479153155
2022-09-26,0.0918875,0.6624746751660708,0.0251077585253733
2022-09-27,0.183775,0.6654109625670548,0.0172121123742339
2022-09-28,0.1366,0.686635448197692,-0.068100504741936
2022-09-29,0.0,0.6678596251899162,-0.0110360968993725
2022-09-30,0.0,0.6562471222814886,-0.0861451690990221
2022-10-03,0.2111,0.7445658691727329,0.0290429402730441
2022-10-04,0.296,0.7259674269518972,-0.0345975176328813
2022-10-05,0.20185,0.7076574026508478,-0.0111290756320412
2022-10-12,0.1060666666666666,0.6700343681627695,0.0206223329693298
2022-10-13,0.3581833333333333,0.6680538805581695,-0.0754555098116105
2022-10-14,0.6103,0.6660733929535694,0.0700521987684439
2022-10-17,-0.7717,0.7524325857150682,0.0038294794370519
2022-10-18,-0.5994,0.7218553881889501,0.0084017931069275
2022-10-19,-0.1366,0.7168206997856412,-0.0664744863679374
2022-10-20,0.5707,0.6346025563960033,0.0345426654972775
2022-10-21,0.28535,0.653950252450723,-0.0148759671940308
2022-10-24,0.047725,0.7235936663516607,0.0528757309772558
2022-10-25,0.0,0.7459781905844728,0.0099811223764909
2022-10-26,0.0568666666666666,0.7163568105108133,0.0020031915485436
2022-10-27,0.3818,0.7486508830995084,0.0152383846033805
2022-10-28,0.1675166666666666,0.6997943253258274,-0.0042885129004271
2022-10-31,0.0062999999999999,0.7016684389328959,0.0012306146011606
2022-11-01,-0.31195,0.7041112573744794,-0.0563603335259602
2022-11-02,0.0377333333333333,0.6940482697106284,0.0015350350619269
2022-11-03,0.0,0.6714204004338648,-0.0364125977743187
2022-11-04,0.0877666666666666,0.7065745971857398,-0.0500795263340059
2022-11-07,0.3010333333333333,0.7189971770142436,-0.0293281851308877
2022-11-08,0.5482,0.6734031343874846,-0.0716675718513074
2022-11-09,-0.34445,0.7048414436702756,0.0739343721694254
2022-11-10,0.1339666666666666,0.6960536154091316,0.0275272649244828
2022-11-11,0.1461599999999999,0.687238559007193,-0.0256161873816971
2022-11-14,0.2567,0.6648321054816662,0.018172303095892
2022-11-15,0.389475,0.680913997492931,-0.0385762785239958
2022-11-16,0.0,0.6657315653585371,-0.0200620588312364
2022-11-17,0.4008,0.6830128405000249,-0.0162690165274254
2022-11-18,0.2719285714285714,0.6834682281711439,-0.0683723134319005
2022-11-21,0.1785625,0.6947881310947589,0.0121523119333968
2022-11-22,0.0927599999999999,0.656364961805642,0.0782178388540435
2022-11-23,0.2781285714285714,0.6991980912514487,-0.0018558752377418
2022-11-25,0.0122499999999999,0.6793020524273045,0.0003281065208
2022-11-28,-0.0455714285714285,0.7037972382951566,-0.0114257399891306
2022-11-29,-0.5267,0.7189437542947774,0.0767018469100382
2022-11-30,0.2594333333333333,0.6793847055668611,0.0
2022-12-01,0.16322,0.693856291601403,0.0008217959148295
2022-12-02,0.3978333333333333,0.7009419894101788,-0.0636867680552091
2022-12-05,0.25285,0.6794895526292458,-0.0144148515648894
2022-12-06,0.126425,0.6796371748076593,-0.0321433311236856
2022-12-07,0.0,0.6797847969860729,-0.0034474308657329
2022-12-08,0.2997,0.6618240757774204,0.0323454827685834
2022-12-09,0.40615,0.6914056068477691,-0.0627198857086465
2022-12-12,-0.21895,0.7015018201844077,-0.040936777953442
2022-12-13,0.0576999999999999,0.6830116824019347,-0.025784367661833
2022-12-14,-0.1547,0.7058266743291111,0.0055484381393815
2022-12-15,-0.3671,0.7286416662562875,-0.0471871790943652
2022-12-16,0.2190125,0.6851323404742415,-0.0023963297649589
2022-12-19,0.0772,0.7452524165802052,-0.0805364146171608
2022-12-20,0.0,0.6452080615443282,-0.0016690545895901
2022-12-21,0.1901,0.6843009129110871,-0.0888275655993685
2022-12-22,0.6693,0.7315103684181388,-0.0175508334664749
2022-12-23,0.3238999999999999,0.661893720294814,-0.1140885333144338
2022-12-27,0.25465,0.6987119272571417,0.0330889153147684
2022-12-28,-0.05135,0.7543124795080358,0.0808269069678893
2022-12-29,0.2023,0.6854017231040938,0.0111640175156668
2022-12-30,0.23655,0.7014275076586953,-0.1224224857419573
2023-01-03,0.176575,0.7243502727767617,0.0512488528559378
2023-01-04,0.0,0.7039664247600407,-0.0290390977603121
2023-01-05,0.009925,0.6041661519908983,0.0246510903659427
2023-01-06,-0.296,0.7059898699418072,0.0593490114042782
2023-01-09,0.63635,0.7012654386936308,-0.0076813742567518
2023-01-10,0.63635,0.7012654386936308,0.036769060182475
2023-01-11,0.802,0.7166359362130762,0.0027592625752506
2023-01-12,0.0,0.7318579006636705,-0.0093881195826728
2023-01-13,0.2315666666666666,0.7112462113578505,0.0742647373690046
2023-01-17,0.60975,0.7348967792136616,-0.0206099825131429
2023-01-18,0.11315,0.7377278184163834,-0.0125019461532281
2023-01-19,0.37445,0.7052229341002942,0.0491468120625187
2023-01-20,0.3393,0.6769323627690323,0.0774246887484899
2023-01-23,0.0800375,0.7019814289627708,0.0009739087975544
2023-01-24,0.0800375,0.7019814289627708,0.0037528201294276
2023-01-25,0.0,0.7042281975515533,0.1096725915664733
2023-02-01,0.0,0.6479045692857422,0.0378148970391338
2023-02-02,0.0,0.7065206593740636,0.0090826547844735
2023-02-03,0.61805,0.7204736471907136,0.025160537355481
2023-02-06,-0.8316,0.7659537905815926,0.010525791279409
2023-02-07,-0.0039599999999999,0.71020921296728,0.0227630495559825
2023-02-08,0.3389,0.719729605399894,0.0299568495166786
2023-02-09,0.0,0.6864769465452701,-0.0503087380189952
2023-02-10,0.0,0.6279634160293625,-0.0114277007820352
2023-02-13,0.5486333333333334,0.6475111404626994,0.0750616556523096
2023-02-14,0.0979499999999999,0.6954718492808786,0.0238470991310111
2023-02-15,0.36042,0.531228735796228,-0.0569455372209675
2023-02-16,0.24865,0.6713717033520619,0.0310334808989092
2023-02-17,0.2578166666666666,0.5682945253395304,-0.0525178943383599
2023-02-21,0.4872499999999999,0.6848456375759497,0.0176825534757292
2023-02-22,0.0,0.6534256934862057,0.0060241297928425
2023-02-23,0.0,0.5150390936325732,-0.0256841800034132
2023-02-24,-0.05135,0.6837037607511882,0.0546017865369246
2023-02-27,0.2069266666666667,0.6570104737884943,-0.0092472095737269
2023-02-28,0.1728333333333333,0.6621842196452868,-0.0142919758176648
2023-03-01,-0.296,0.6305157818076579,-0.0585392815794731
2023-03-02,-0.0803,0.6990143621319471,0.0360921928231414
2023-03-03,0.27495,0.6029939673025482,-0.020122331071529
2023-03-06,0.7392666666666666,0.6200452633727597,-0.0314740773002816
2023-03-07,0.2420749999999999,0.6141184195930468,-0.0304192984371427
2023-03-08,0.0,0.7056506887043134,-0.0498901199508499
2023-03-09,-0.1531,0.6169228905003751,0.0030071956856769
2023-03-10,0.0,0.6233777560885893,0.0059962711686663
2023-03-13,0.368425,0.6928097179283266,0.0503209479269324
2023-03-14,0.368425,0.6928097179283266,-0.0153333932272323
2023-03-15,0.2442499999999999,0.7372149022660126,0.0203935051083754
2023-03-16,0.0427666666666666,0.6804805694295065,-0.0217237815343879
2023-03-17,-0.19835,0.7181029036305806,0.0173207962727657
2023-03-20,-0.0265166666666666,0.6186721985758705,0.0781991914382247
2023-03-21,0.0,0.5772547867292653,-0.0325438195919668
2023-03-22,-0.3548,0.6904268880909006,0.0055977366381618
2023-03-23,-0.1356416666666666,0.6755825712966903,-0.0094162810690836
2023-03-24,0.0835166666666666,0.6607382545024801,0.0073525228168616
2023-03-27,0.0767857142857143,0.714173056977781,-0.013659325116185
2023-03-28,0.1468,0.6833918100604771,0.024789906342217
2023-03-29,0.52215,0.6830381547546451,0.007220929756684
2023-03-30,0.8975,0.682684499448813,0.0623720197189063
2023-03-31,0.0,0.7044674446000921,-0.0611684277968261
2023-04-03,0.29612,0.7254974476387795,-0.0112440437098449
2023-04-04,0.2395499999999999,0.7248109151587708,-0.0366600762876059
2023-04-05,0.1197749999999999,0.7337266372466682,-0.002479553165553
2023-04-06,0.0,0.7426423593345656,-0.0029720256079851
2023-04-10,0.0273545454545454,0.7003686174991117,0.0123570475701921
2023-04-11,0.0,0.6905001665927173,-0.0334600365364646
2023-04-12,0.0910666666666666,0.6797245196905424,0.0296887161276042
2023-04-13,0.31245,0.7023265316767184,-0.0048412798603184
2023-04-14,0.0,0.6680084319297781,0.0110269907358531
2023-04-17,0.0,0.6633604158103298,-0.0145957860646558
2023-04-18,0.2553,0.6923640617293749,-0.0201833935759263
2023-04-19,0.20605,0.701003325448481,-0.0974582823059385
2023-04-20,0.1568,0.709642589167587,0.0128228496684006
2023-04-21,0.6249,0.6940290292956675,-0.0153258950280732
2023-04-24,0.3998333333333333,0.7020366428379886,-0.0115657019225886
2023-04-25,-0.13935,0.7116333273560127,-0.0430696349524377
2023-04-26,0.162875,0.7129836991296731,0.0418861947408537
2023-04-27,0.4651,0.7143340709033335,0.0257194272700913
2023-04-28,-0.25115,0.650738744123718,-0.0150933951943775
2023-05-01,0.0257333333333333,0.7114843836341217,-0.0093925987472197
2023-05-02,0.3367,0.7157718604517231,0.0018713932775662
2023-05-03,0.25865,0.7161981303917004,0.0036734719858571
2023-05-09,0.413475,0.7272081166347466,-0.0036062703657255
2023-05-10,0.0,0.7197848166844995,0.0210039675207056
2023-05-11,0.54555,0.6811246286953627,-0.0238261625981439
2023-05-12,0.2846333333333333,0.682167171144252,-0.0097034746129369
2023-05-15,0.3057,0.6660890760016018,0.001021930644472
2023-05-16,0.0,0.6480922999826576,0.044078766211661
2023-05-17,0.5574,0.7108209221579578,0.0174278084013561
2023-05-18,0.15434,0.705520131612365,0.0183730002329922
2023-05-19,0.0,0.7040473170285351,0.0484622835412351
2023-05-22,-0.1779,0.7336625122277397,-0.0164133579968757
2023-05-23,0.7088,0.7127277966194455,-0.0154492668890034
2023-05-24,0.3604666666666666,0.7177522019218233,0.0085839659738169
2023-05-25,0.2738933333333333,0.7097262706599035,0.0471621233299248
2023-05-26,0.2738933333333333,0.7097262706599035,0.041362559242642
2023-05-30,0.2722,0.6923732423132862,0.0137700783617236
2023-05-31,0.2722,0.6923732423132862,0.0176041373295554
2023-06-01,0.38195,0.6807605976541984,0.0310813262116829
2023-06-02,0.0,0.6843080984106126,0.0170117276668793
2023-06-05,0.6249,0.6553570362302367,0.0170028810158744
2023-06-06,0.40275,0.690075739421065,0.014730512862447
2023-06-07,0.1806,0.7247944426118934,0.0458208707776226
2023-06-08,0.0,0.669742653744047,0.0406199151040636
2023-06-09,-0.00945,0.725273093201733,0.0222177089614421
2023-06-12,0.0,0.6387827590410418,0.035544128242966
2023-06-13,0.2202,0.7095711852318667,-0.0074213713175806
2023-06-14,0.4404,0.7803596114226916,-0.0034659239799892
2023-06-15,0.0,0.7108982473775278,0.0181321405201535
2023-06-16,-0.26335,0.6856953354012296,0.0533891272200177
2023-06-20,0.21075,0.7464887065822081,-0.0546184007477668
2023-06-21,0.0,0.7253981068942774,0.0198488941111987
2023-06-22,0.0,0.6758899405762302,-0.0302708880672237
2023-06-23,0.0,0.6263817742581831,-0.0606001663362577
2023-06-26,-0.5859,0.7186982130578263,0.0380004295629174
2023-06-27,0.53035,0.7066844568723958,0.0240996896954786
2023-06-28,0.7096,0.6682827368629152,0.0049173033626503
2023-06-29,0.4031625,0.6680073323030122,0.0165824816064927
2023-06-30,0.096725,0.6677319277431093,0.0689537344542736
2023-07-03,0.3374833333333333,0.7150653078551575,0.009506123909958
2023-07-05,0.5994,0.7027407877837943,-0.021028045208104
2023-07-06,0.6369,0.6860905026393961,-0.0076300564256251
2023-07-07,0.31845,0.7065935180104816,-0.0175637045981094
2023-07-10,-0.1174399999999999,0.6958559298253877,0.0006677170844566
2023-07-11,0.36345,0.7371810627059512,0.0081544224017726
2023-07-12,0.0,0.7224566808422949,0.0217287542714961
2023-07-13,0.2202,0.6823046831406681,0.0125225299127729
2023-07-14,0.2116285714285714,0.6852157030778679,0.0319852151674682
2023-07-17,0.0487666666666666,0.7241112836052367,0.0101935099018704
2023-07-18,0.4487,0.6934986870197262,-0.0070907022507415
2023-07-19,0.1529333333333333,0.7412540328135249,-0.0973700986000849
2023-07-20,0.2365666666666667,0.6940163611705412,-0.0109547544681438
2023-07-21,0.3202,0.6467786895275576,0.0347665907502463
2023-07-24,0.0,0.7253373300454566,-0.014048906614123
2023-07-25,0.0,0.7267064806635428,-0.0035057022016762
2023-07-26,0.0,0.728075631281629,-0.0326839386803915
2023-07-27,0.4031,0.7049976433810634,0.0419615793117773
2023-07-28,0.2250499999999999,0.7077884597569492,0.0037156216232685
2023-07-31,0.432675,0.7169872166083934,-0.0237818701183342
2023-08-01,0.4754,0.7523778813399304,-0.0266595415735506
2023-08-02,0.6948,0.7180325430310118,0.0205029581730478
2023-08-03,0.4846666666666666,0.7135654019453952,-0.0210550923941658
2023-08-04,0.446225,0.7217155543701053,-0.0094934359738243
2023-08-07,0.6316333333333334,0.6968250654284893,-0.0069596342065584
2023-08-08,0.5994,0.7174629149479202,-0.0300760696780969
2023-08-09,0.5709,0.7491631377703241,0.0130062920216802
2023-08-10,0.7278,0.6814911521479946,-0.0109643860828199
2023-08-11,-0.0426666666666666,0.7107972831650704,-0.0119101564489687
2023-08-14,0.0714666666666666,0.6753799424799646,-0.0283616447646142
2023-08-15,-0.7003,0.7129336890425457,-0.0315934083028743
2023-08-16,0.4696333333333333,0.6645093182077509,-0.0282801627225358
2023-08-17,0.2210333333333333,0.6929552374818098,-0.0170148513218181
2023-08-18,0.3044,0.7342201292522794,0.073274828918382
2023-08-21,0.6989,0.7088785002631489,0.0082584039786857
2023-08-22,0.4992999999999999,0.6930399901949618,0.0157382311871088
2023-08-23,0.2997,0.6772014801267747,-0.0287934109036758
2023-08-24,0.2809,0.698779832313241,0.0371674634902419
2023-08-25,0.2621,0.7203581844997073,0.0009640428763089
2023-08-28,0.3612,0.6705780219079409,0.0768779197240256
2023-08-29,0.3182,0.6551592326004718,-0.0010887269121663
2023-08-30,0.392325,0.6803711920126084,0.0045931985356788
2023-08-31,0.46645,0.705583151424745,-0.0506431832976321
2023-09-01,0.6501,0.7200307257811266,0.0468552140113565
2023-09-05,0.232325,0.7271274092842047,-0.0178174285135015
2023-09-06,-0.0314799999999999,0.6942366367910691,-0.0017068620153485
2023-09-07,-0.0157399999999999,0.6979450827093723,-0.0118891623040874
2023-09-08,0.0,0.7016535286276754,0.1009254992847712
2023-09-11,0.0,0.7071109778709577,-0.0222968633867017
2023-09-12,0.0,0.7071109778709577,0.0142813543058957
2023-09-13,0.0,0.7071109778709577,0.0174715111140006
2023-09-14,0.0,0.7129780819019215,-0.0059773722844812
2023-09-15,0.298125,0.7136815047479192,-0.0332009744626197
2023-09-18,0.0,0.6757090454781306,0.0045989189773711
2023-09-19,0.1614166666666666,0.695432437310711,-0.0146716835351196
2023-09-20,0.1614166666666666,0.695432437310711,-0.0262386209898972
2023-09-21,0.3228333333333333,0.7151558291432916,-0.0423151826146475
2023-09-22,0.1614166666666666,0.7531683364218027,0.008616467528091
2023-09-25,0.1614166666666666,0.7531683364218027,-0.011619945391094
2023-09-26,0.0,0.7911808437003138,-0.014828753029631
2023-09-27,0.1806,0.704595916593007,0.024449084751819
2023-09-28,-0.0510199999999999,0.7008234786247559,0.0155856654833539
2023-09-29,0.4643875,0.7353703678578005,0.0055151661581014
2023-10-02,0.0,0.7156280417233878,-0.0201510620080541
2023-10-03,0.2537,0.764655993235761,0.0593437105230745
2023-10-11,0.5106,0.7286178493745532,-0.0156659769199419
2023-10-12,-0.4425666666666667,0.723335135880971,-0.0299378071857716
2023-10-13,0.0,0.6727110280555681,0.01115006015531
2023-10-16,-0.159225,0.6536007661687671,0.0036626021631882
2023-10-17,-0.159225,0.6536007661687671,-0.0477536320826734
2023-10-18,0.0,0.6259652641047965,-0.0930031018073378
2023-10-19,0.6369,0.7224938657744217,-0.0368906233004917
2023-10-20,0.0331999999999999,0.7435368561984002,0.0004245310418349
2023-10-23,-0.16055,0.7178083197802754,0.0209355073702008
2023-10-24,-0.080275,0.6915580270810875,-0.0189359228829328
2023-10-25,-0.080275,0.6915580270810875,-0.0313529974555993
2023-10-26,0.0,0.6653077343818995,0.0074844896288657
2023-10-27,0.20065,0.7668657350494474,-0.0479498422338395
2023-10-30,-0.0014333333333333,0.7407807602458361,0.0176327306281764
2023-10-31,0.132525,0.7473722199698372,0.0239992402514768
2023-11-01,0.0,0.7425457074708584,0.0624817203924519
2023-11-02,0.4643,0.7123346181003494,0.0066359079377757
2023-11-03,0.5791,0.6839241649273947,-0.0031369449915676
2023-11-06,-0.6486,0.6408557894121863,0.0132712561983827
2023-11-07,0.0,0.6872445318257108,-0.0003150241594067
2023-11-08,0.6369,0.6491039726970443,-0.0546126011862573
2023-11-09,0.6369,0.7374707767099836,0.0222402050860355
2023-11-10,0.526,0.7304864764973891,0.0422083068949539
2023-11-13,0.14985,0.7221212951294307,0.0612399827324887
2023-11-14,0.14985,0.7221212951294307,0.0228717939093645
2023-11-15,0.14985,0.7221212951294307,-0.0380909246396521
2023-11-16,0.14985,0.7221212951294307,0.0030395424675642
2023-11-17,0.14985,0.7221212951294307,0.005548455120893
2023-11-20,0.236775,0.714441934091542,0.0237690606946168
2023-11-21,0.1639399999999999,0.738692870211391,-0.0289800593814889
2023-11-22,0.1060666666666666,0.7407846269351794,0.0052943520721977
2023-11-24,-0.0342333333333333,0.7182262901196149,0.0026757481035388
2023-11-27,0.1527,0.6977850978269509,0.0450694650420355
2023-11-28,0.0931,0.691072004402602,-0.0104572058134303
2023-11-29,0.1161833333333333,0.6916539646820914,-0.0166297926138435
2023-11-30,0.1392666666666666,0.6922359249615807,-0.0052065977610231
2023-12-01,-0.1339666666666666,0.7048125943672571,-0.0136080055900975
2023-12-04,0.3652333333333333,0.6716265519520629,0.0133288028068709
2023-12-05,0.2083,0.6962668811672792,0.0027228296462826
2023-12-06,0.0,0.6785889496473186,0.0136608778842981
2023-12-07,0.3522,0.6962922175207613,0.0049455858525417
2023-12-08,0.9081,0.6760032104024027,-0.0168142671682343
2023-12-11,-0.32898,0.7110722955899533,-0.0113873818460639
2023-12-12,0.2553,0.6621473134944088,0.0096198423363582
2023-12-13,0.0,0.7590377767650643,0.0491454306305356
2023-12-14,-0.0855125,0.735640714459209,0.0097589998743679
2023-12-15,-0.171025,0.7122436521533537,-0.0056015706861748
2023-12-18,0.1991,0.7011569926005953,0.0203903496997484
2023-12-19,0.2272,0.6876479010418899,-0.0391882504595967
2023-12-20,0.2553,0.6741388094831844,0.0297806936494628
2023-12-21,-0.04235,0.6953692548458759,-0.0077014016261971
2023-12-22,-0.34,0.7165997002085672,0.0161162278198776
2023-12-26,0.4404,0.7518702389574576,0.0188224050721428
2023-12-27,0.0,0.7162789719529538,-0.0315942843042017
2023-12-28,0.3454,0.6789282513381059,-0.0185638560873999
2023-12-29,0.5197,0.6639908080922543,-0.0002414583049958
2024-01-02,-0.0386,0.7010406305169572,-0.0401336498437727
2024-01-03,0.22195,0.710275665329256,-0.0021807686270334
2024-01-04,0.21945,0.6468333533057666,-0.0018492295892126
2024-01-05,0.244375,0.6904599086322358,0.0124636464129574
2024-01-08,-0.0353,0.7057433199895522,-0.0228321493202461
2024-01-09,0.1374333333333333,0.6916406813803269,-0.0043411825132567
2024-01-10,0.0247416666666666,0.7023103842358694,-0.0287253191013634
2024-01-11,-0.08795,0.712980087091412,-0.0366605130987724
2024-01-12,0.6249,0.6199872842067766,0.004659894354722
2024-01-16,0.4767,0.5591007831357636,-0.019826295019533
2024-01-17,0.30265,0.652353624666625,-0.017026203279914
2024-01-18,0.1286,0.7456064661974864,0.001463080760099
2024-01-19,0.292425,0.6843662639143779,-0.015976244642273
2024-01-22,-0.17,0.6800724867593266,0.0016283349277841
2024-01-23,-0.17,0.6800724867593266,-0.0062637351172268
2024-01-24,-0.17,0.6800724867593266,-0.1212529313680481
2024-01-25,0.0,0.6840519988467562,0.0033948152034783
2024-01-26,0.1999666666666666,0.6872630164484401,0.0419099191038541
2024-01-29,0.1515833333333333,0.7278688323129597,0.0034567835721344
2024-01-30,0.1024499999999999,0.7073505951620245,-0.022443776470324
2024-01-31,0.1272666666666666,0.6662613588926226,0.0083827613887528
2024-02-01,-0.3818,0.6999082793268568,-0.0050301649114266
2024-02-02,0.2263,0.7736181467016364,-0.036453653185133
2024-02-05,-0.14405,0.7568167615830389,0.0223130928940527
2024-02-06,-0.4131,0.7622958862158806,0.0133981396313522
2024-02-07,0.0398499999999999,0.7173466466865756,0.0105554734417923
2024-02-08,0.0327916666666666,0.7134010482552118,0.0211543037416714
2024-02-09,0.0257333333333333,0.709455449823848,-0.0281035399884784
2024-02-12,0.0,0.6621758757211162,-0.0218465981166147
2024-02-13,0.0,0.7680286665193266,0.025486372853585
2024-02-21,0.0086,0.6990940977562845,0.0135544454060563
2024-02-22,0.1105571428571428,0.7329457059903339,-0.0275568732105261
2024-02-23,0.1931749999999999,0.7483578919192283,0.0387039257620214
2024-02-26,-0.134625,0.646846938022814,0.0016549741281637
2024-02-27,-0.34,0.6664934910723483,0.0115656016021996
2024-02-28,0.11635,0.6652792784395294,-0.0007918650199801
2024-02-29,0.1816,0.6906893307057267,0.003764585340074
2024-03-01,0.1468,0.7034325983082828,-0.0715554680402388
2024-03-04,-0.1020285714285714,0.7247535646057908,-0.0393323797198413
2024-03-05,-0.2040571428571428,0.7026105154378078,-0.0232378669878379
2024-03-06,0.1899499999999999,0.7096848130240265,0.0119519694720489
2024-03-07,0.059725,0.6696528623282829,-0.0185278347141263
2024-03-08,0.3247125,0.7045531964937068,0.0138588341811503
2024-03-11,0.34985,0.6787639004986803,-0.001293868373742
2024-03-12,-0.2725333333333333,0.7127559393446843,-0.0453982080848895
2024-03-13,-0.5574,0.7546199414287688,-0.0411847763954413
2024-03-14,0.2282,0.678619742844034,0.0065846604567307
2024-03-15,-0.16714,0.690684970719561,0.0625420020142308
2024-03-18,0.2028875,0.7014279613391148,-0.0142692501955855
2024-03-19,0.0,0.7073834666451211,0.0253326882579294
2024-03-20,0.0,0.731020829182402,-0.0161675753084549
2024-03-21,0.0,0.7546581917196828,-0.0115149022614651
2024-03-22,-0.1909,0.6750358717078421,0.0105368087131318
2024-03-25,0.0,0.6251611650668393,0.0291953492647709
2024-03-26,-0.0098666666666666,0.7240393462828169,0.0121573911429628
2024-03-27,0.3825,0.6917207301703807,-0.0224657093020403
2024-03-28,0.765,0.7136145832198767,-0.0032424602491559
2024-04-01,0.1671,0.6929322994679611,-0.0490240627670744
2024-04-02,-0.24695,0.7384273747264791,0.0105023102005592
2024-04-03,0.0516,0.7166749147826513,0.0162133011543683
2024-04-04,0.5199,0.6890991700145146,-0.0362924825651101
2024-04-05,-0.1973,0.669091341740144,0.0489994064895289
2024-04-08,0.3182,0.6659268487372662,0.0225460125540548
2024-04-09,0.0,0.7308879759160803,-0.0289462360619489
2024-04-10,0.0,0.705660863267894,0.0165347676263849
2024-04-11,-0.0362,0.7340823130812824,-0.0203322046257725
2024-04-12,0.7424,0.7658962129361213,-0.0559485948756339
2024-04-15,-0.0258,0.668855786901749,-0.0270621453604746
2024-04-16,0.0,0.6929632452924475,-0.0105658688540543
2024-04-17,0.0,0.6925872768238138,-0.0355098384099605
2024-04-18,-0.0466166666666666,0.7121533033212484,-0.0192088959161848
2024-04-19,0.2331666666666666,0.7075365324383993,-0.0340020394167562
2024-04-22,-0.3927333333333333,0.7418209800489105,0.0185145340902608
2024-04-23,0.3612,0.5943354458107497,0.1206110940725275
2024-04-24,-0.7469,0.7706933629415009,0.0496514374300258
2024-04-25,-0.3788625,0.746035129256573,-0.0111058847748876
2024-04-26,-0.010825,0.721376895571645,0.1530691710339953
2024-04-29,0.11315,0.7134517125950983,-0.0555011806394474
2024-04-30,0.0,0.6039913178895524,-0.0179506400482606
2024-05-01,0.17,0.6787181199364049,0.0001110562423569
2024-05-02,0.34,0.7534449219832573,0.0065552356567928
2024-05-03,0.4404,0.692210206673843,0.0197030300641678
2024-05-07,-0.0910666666666666,0.6325351526992958,-0.0173780798623113
2024-05-08,0.1271666666666666,0.6854026788106937,-0.015739468754503
2024-05-09,0.3454,0.7382702049220915,-0.0203523868997835
2024-05-10,0.2850333333333333,0.6216291704990963,0.020300339194899
2024-05-13,0.1779,0.6299704148840389,0.0329280567933392
2024-05-14,0.3819,0.6114377825836298,-0.0200506758513316
2024-05-15,0.5859,0.5929051502832207,0.0048852854640548
2024-05-16,0.1702,0.6662078693601332,0.0149851889204641
2024-05-17,0.0,0.6975815149972459,-0.0141440869529103
2024-05-20,0.40652,0.6773813242931201,0.0665905079079254
2024-05-21,0.2023,0.6521732535521343,-0.0347803069715
2024-05-22,0.1681333333333333,0.6522498711106798,-0.0353672483238078
2024-05-23,0.1339666666666666,0.6523264886692253,0.0316564972148363
2024-05-24,0.4404,0.7111165256330153,-0.0138920186166755
2024-05-28,0.1983625,0.7158893869942535,-0.003168303018918
2024-05-29,0.4926,0.7023963824086364,0.0147567444730083
2024-05-30,0.26025,0.721563782051472,-0.003971091681523
2024-05-31,0.0,0.6464451858435523,-0.0100517100545634
2024-06-03,0.1204,0.6582364028819749,-0.0086220946823953
2024-06-04,0.1341999999999999,0.6852008967753487,0.0013159908560766
2024-06-05,0.148,0.7121653906687224,0.0168000139508928
2024-06-06,0.10285,0.6808510316252872,-0.0025851787543875
2024-06-07,0.4447,0.728958527903608,-0.0207910893071634
2024-06-10,0.0023666666666666,0.749294815695866,-0.018010183238054
2024-06-11,0.2810833333333333,0.7312284506442962,0.0388491121630947
2024-06-12,0.5598,0.7131620855927264,0.0292177118322192
2024-06-13,0.6418666666666667,0.6385133782924322,-0.0244424107197361
2024-06-14,0.4404,0.7039625598192397,0.0529745981999238
2024-06-17,0.0,0.7072329862623928,-0.0137644141989444
2024-06-18,-0.31845,0.6667488803316537,-0.0177972155970478
2024-06-20,-0.6369,0.6262647744009144,0.007930754665036
2024-06-21,-0.381225,0.6522116023795442,-0.0023495584322592
2024-06-24,-0.12555,0.678158430358174,0.0261255571509673
2024-06-25,0.0,0.5926756254052761,0.0481451226037756
2024-06-26,0.0,0.6901389732419562,0.0053470646120412
2024-06-27,0.1203,0.7108514781821073,0.0023300917745603
2024-06-28,0.2406,0.7315639831222583,0.0605417193851081
2024-07-01,-0.3576,0.7114125278728816,0.1019727143535937
2024-07-02,0.3595,0.7459897455325482,0.0654242205405106
2024-07-03,0.48545,0.7059509067413038,0.0208206700577151
2024-07-05,-0.12555,0.7088614085597402,0.0056456669243973
2024-07-08,-0.8625,0.751810749169421,0.0371233653839888
2024-07-09,-0.2023,0.7828492419668497,0.0035452416458809
2024-07-10,0.05406,0.669972853859542,-0.0844412753996288
2024-07-11,0.0197666666666666,0.7102795505564637,0.0298717876808147
2024-07-12,0.1900666666666666,0.7283525828888664,0.0177657967933491
2024-07-15,0.2760571428571428,0.7152556596832454,0.0155161422514866
2024-07-16,-0.0658333333333333,0.73948974602382,-0.0314156440415189
2024-07-17,0.2385666666666666,0.7372577984622408,0.0029376085615253
2024-07-18,0.0,0.6872233195696051,-0.0402439471622099
2024-07-19,0.6772,0.7479286612904441,0.0514632011523703
2024-07-22,0.1406,0.7246383465999089,-0.0203967624987722
2024-07-23,0.6597,0.6825294227704177,-0.1233460458940369
2024-07-24,0.1226666666666666,0.7403170819439563,0.0197231093962388
2024-07-25,0.5148,0.7489713562398899,-0.0020431189477511
2024-07-26,0.1582333333333333,0.7551841104725633,0.0559599767105618
2024-07-29,0.1735499999999999,0.7282253776396479,-0.0408445098536537
2024-07-30,0.0,0.7378011009125431,0.042449072025434
2024-07-31,0.2714,0.7665611853141112,-0.0655405965175744
2024-08-01,0.3004,0.6905641994984983,-0.0423775819217053
2024-08-02,0.3004,0.6905641994984983,-0.0423267364743842
2024-08-05,0.2232875,0.6818429340423554,0.0088495296843591
2024-08-06,0.117175,0.7491186544018253,-0.0442583976765633
2024-08-07,0.0,0.6611628784011225,0.0369211620456231
2024-08-08,0.0407499999999999,0.719647483487375,0.0058338547750633
2024-08-09,0.1685333333333333,0.713324513096831,-0.0125499725341796
2024-08-12,0.0607285714285714,0.7147520391966599,0.0523570613716375
2024-08-13,-0.05315,0.7356432270785832,-0.0310349655555765
2024-08-14,-0.17514,0.7298532222595833,0.0633627678888044
2024-08-15,0.02253,0.7553320811102563,0.0092462675501192
2024-08-16,0.2202,0.7808109399609293,0.0305386186036922
2024-08-19,0.35015,0.6472846391416636,-0.0072736849331379
2024-08-20,-0.17538,0.7326027342540489,0.0098145549934058
2024-08-21,0.3708666666666667,0.7698858946406908,-0.0564787045686769
2024-08-22,0.3384547619047619,0.7456010142004716,0.0458558981020604
2024-08-23,0.3384547619047619,0.7456010142004716,-0.0322712435275504
2024-08-26,0.050575,0.7297996221156148,-0.0187608455233908
2024-08-27,0.0129,0.7162386636992522,-0.0165384379467057
2024-08-28,0.00645,0.7412743322438097,0.0025759357438486
2024-08-29,0.0,0.7663100007883672,0.0379581242844206
2024-08-30,-0.1027,0.763773308448551,-0.0163934169204156
2024-09-03,-0.7635,0.7383300183523676,0.041832845694522
2024-09-04,0.528,0.7083988953359812,0.0490405830511095
2024-09-05,0.0,0.7111681548001869,-0.0844593239607937
2024-09-06,0.3259,0.7231158124588316,0.0262896059281696
2024-09-09,0.1803666666666666,0.747950497393512,0.0457760840657874
2024-09-10,0.0,0.703626179612346,0.0086660774184694
2024-09-11,0.1399166666666666,0.7407694798000564,0.0073641898909537
2024-09-12,0.1876714285714285,0.7295957348480285,0.0020886633855721
2024-09-13,0.125,0.6843380866554366,-0.0152416284214086
2024-09-16,0.0587399999999999,0.6846979692251617,0.0048064041968332
2024-09-17,0.0,0.6855791419885598,-0.0029402649901351
2024-09-18,0.3235,0.7163452142260132,0.0735915556570718
2024-09-20,0.6249,0.7947725246792495,0.0493179433368311
2024-09-23,0.18655,0.7521099672588438,0.0170800170898437
2024-09-24,0.64185,0.7349522688483155,0.0108152149093614
2024-09-25,0.25,0.757680783482963,-0.0108940468160233
2024-09-26,-0.0681799999999999,0.7499739356158293,0.0245456305735665
2024-09-27,0.31525,0.7535996657886372,0.0044921042237542
2024-09-30,0.4019,0.7071953241187828,-0.0137981722347083
2024-10-01,0.4459799999999999,0.7636326251555616,-0.0348809593226284
2024-10-02,0.068825,0.6999926287904107,-0.0335716025496675
2024-10-03,0.41975,0.7113949974824535,0.0391423503099881
2024-10-10,0.6486,0.8095784840601608,-0.087825107197193
2024-10-11,0.08915,0.6390523596534924,0.0062442635045711
2024-10-14,0.6107,0.7276991109413137,0.0018707960177875
2024-10-15,0.0,0.6022805667960418,0.008015641700267
2024-10-16,0.7351,0.7429030791539382,-0.0019879927608824
2024-10-17,0.1301333333333333,0.6623630298451486,-0.0008601676940163
2024-10-18,0.46802,0.6608750741821996,-0.0083823782071026
2024-10-21,-0.12882,0.6895007570684677,-0.004021041161846
2024-10-22,-0.0992,0.6500443624557678,-0.0198192746709423
2024-10-23,-0.1468,0.6135378316601017,0.2191903507029042
2024-10-24,0.2467666666666666,0.7046069614616072,0.0334382335984133
2024-10-25,0.155975,0.6290962817599441,-0.0248151588662185
2024-10-28,0.2408833333333333,0.7314298471563788,-0.0113901209124279
2024-10-29,0.14775,0.7430691999438358,-0.0075909421397183
2024-10-30,0.44426,0.7573538991441808,-0.0298970376797017
2024-10-31,0.0,0.5977568063264818,-0.0034821306973116
2024-11-01,0.0,0.731713492154479,-0.0246606132822312
2024-11-04,0.2990199999999999,0.7062974955543877,0.0354142902042771
2024-11-05,0.1596375,0.7415982282713139,0.1475103244422446
2024-11-06,0.2498083333333333,0.7568498736063677,0.0290437906570073
2024-11-07,0.38175,0.7594373472410294,0.081876653729253
2024-11-08,0.217,0.7591628957642981,0.0895959114311899
2024-11-11,0.1311333333333333,0.7382653142049004,-0.0614571707589285
2024-11-12,0.1807,0.742467652665895,0.0053274073853859
2024-11-13,0.1755666666666666,0.7344981993674664,-0.0577155950890946
2024-11-14,0.2127428571428571,0.7250519361915552,0.0306575254497856
2024-11-15,0.5665666666666667,0.7268649539005229,0.0561860468479837
2024-11-18,0.0,0.6789792405678462,0.0214323964542886
2024-11-19,-0.03655,0.7274996089208456,-0.0114739919673501
2024-11-20,0.0235333333333333,0.7158378669511928,-0.006987644766217
2024-11-21,0.19561,0.7415736017981202,0.0380402259831773
2024-11-22,0.44115,0.71145704122374,-0.0396244648214276
2024-11-25,-0.0549199999999999,0.7069341824138003,-0.0010631895668981
2024-11-26,-0.1045333333333333,0.717808641103503,-0.0157880618645235
2024-11-27,0.2327999999999999,0.6922356056935066,0.0368589878751097
2024-11-29,-0.1591,0.7662529198927426,0.034563659025395
2024-12-02,0.11315,0.6693826903819498,-0.0158783022999925
2024-12-03,0.056575,0.6664035974046498,0.0185247823097747
2024-12-04,0.0,0.66342450442735,0.0322968116535151
2024-12-05,0.4404,0.6688951930649446,0.053397958017247
2024-12-06,0.3538,0.6865891503973646,0.0014644862094215
2024-12-09,0.0294818181818181,0.706822421739552,0.0287333729544849
2024-12-10,0.1139,0.696375042967483,0.0593032229193493
2024-12-11,0.0426666666666666,0.6302597377416577,-0.015702575706076
2024-12-12,0.18546,0.6859009482348328,0.0433628429039625
2024-12-13,0.3028777777777778,0.6654300722015933,0.0614125056796777
2024-12-16,0.21075,0.6401704361440398,0.0363699121797382
2024-12-17,0.2462333333333333,0.701837679409063,-0.0827949436951747
2024-12-18,-0.1888285714285714,0.7460768336564544,-0.0089973221801419
2024-12-19,0.0,0.7192397144671205,-0.0346424912395865
2024-12-20,0.33652,0.7138754820488488,0.0226571239258943
2024-12-23,0.0,0.6981705605401977,0.0735717422822457
2024-12-24,0.2628,0.7060275272277139,-0.0176299946309711
2024-12-26,0.0669833333333333,0.6818736712162877,-0.0494792261667481
2024-12-27,0.5967333333333333,0.7014481124545853,-0.0330120925707874
2024-12-30,0.073275,0.6909561092036669,-0.0325100194177511
2024-12-31,0.032875,0.7069456318565208,-0.0608161593237648
2025-01-02,-0.2873599999999999,0.727652211052086,0.0821556732820003
2025-01-03,0.0448333333333333,0.7225788218910751,0.0014861742226248
2025-01-06,-0.0519749999999999,0.7236666364509203,-0.0406033400731115
2025-01-07,0.19774,0.7557196561810066,0.0014707807875757
2025-01-08,0.175275,0.7518728388575565,-0.0005064369418008
2025-01-10,0.10115,0.7229883662758784,0.0217105120743665
2025-01-13,0.46005,0.6757234195242137,-0.0172324322459215
2025-01-14,0.4639625,0.6849280195400334,0.0803815143975279
2025-01-15,0.467875,0.694132619555853,-0.0336275602620967
2025-01-16,0.17434,0.7077946403197759,0.0306413234047593
2025-01-17,-0.02975,0.6677506684009444,-0.0056975209279748
2025-01-21,0.2547999999999999,0.7308182220396461,-0.0211286387103672
2025-01-22,0.0345099999999999,0.7175342691480491,-0.0065765232470569
2025-01-23,-0.18578,0.7042503162564522,-0.0140647418445883
2025-01-24,-0.1971833333333333,0.7286833281737671,-0.0231934502120535
2025-01-27,0.0,0.7523242064315216,0.0023668700890153
2025-01-28,-0.0697999999999999,0.744636802481155,-0.0225828087042521
2025-01-29,0.225325,0.7686763163814567,0.0287329542544569
2025-01-30,0.5118,0.7390246815018664,0.0107924636189495
2025-02-07,0.2871999999999999,0.7426703632355428,-0.0301144413414704
2025-02-10,0.180275,0.7561951927137073,-0.0633821181250289
2025-02-11,-0.0510909090909091,0.7583555431760032,0.0243835913717656
2025-02-12,0.0788571428571428,0.7525442902810495,0.0577397168343194
2025-02-13,0.1570454545454545,0.7561510234301413,-0.0002809633725618
2025-02-14,0.38362,0.7175646019422087,-0.0048617665358937
2025-02-18,0.3765,0.6835983204526644,0.0182147142804449
2025-02-19,0.35325,0.6930631629691315,-0.0170845454399258
2025-02-20,0.0468333333333333,0.744261574171985,-0.0468397471484276
2025-02-21,0.0933499999999999,0.7513240422256882,-0.0215215786749155
2025-02-24,0.1848083333333333,0.7497740877468906,-0.0838955952220366
2025-02-25,0.14622,0.7432453092120018,-0.039630120487999
2025-02-26,0.1145999999999999,0.7412611396606819,-0.0304332048054902
2025-02-27,0.0715285714285714,0.7530995869790537,0.0391204053972438
2025-02-28,0.1743285714285714,0.7495753746852729,-0.0284320321437644
2025-03-03,0.136575,0.6996900907204574,-0.0442999670540946
2025-03-04,-0.2604,0.7323872789681455,0.0259520560830592
2025-03-05,0.20095,0.7203130800181525,-0.0560730689868919
2025-03-06,-0.0290999999999999,0.7089182321692986,-0.0029607088371812
2025-03-07,-0.08895,0.6444581825532202,-0.1542620682219512
2025-03-10,0.17,0.7343821364231577,0.0379473696429559
2025-03-11,0.4370200000000001,0.6994948035963333,0.0759389121683911
2025-03-12,0.2403433333333333,0.7162867774341996,-0.0298682081965819
2025-03-13,0.0436666666666666,0.7330787512720658,0.0386405323864447
2025-03-14,-0.5233,0.7056637040122614,-0.0478838364080523
2025-03-17,-0.3506,0.7833754816131094,-0.0533590909682468
2025-03-18,0.0,0.7036544013489472,0.0468243893572197
2025-03-19,0.078,0.6985086631205611,0.001695895427157
2025-03-20,0.1060666666666666,0.7033778872753356,0.0526962350651838
2025-03-21,-0.3980599999999999,0.7437883284178565,0.1193358012680052
2025-03-24,0.0894499999999999,0.7061938003417516,0.0350228078845167
2025-03-25,-0.1766,0.6983868366135075,-0.0558062617906892
2025-03-26,0.0,0.7099137175974541,0.0039329829222258
2025-03-27,-0.10285,0.7339664754848463,-0.0350749347145293
2025-03-28,0.2260249999999999,0.6619964321088074,-0.0166571213591097
2025-03-31,0.0459999999999999,0.726648147991662,0.0358851198547365
2025-04-01,0.16835,0.607436691297734,0.0532668507997762
2025-04-02,0.0,0.7055737313105152,-0.0547461113725354
2025-04-03,0.0056999999999999,0.7051084977268398,-0.1041978682681468
2025-04-04,0.0113999999999999,0.7046432641431644,-0.0256442366348095
2025-04-07,0.0,0.6471520521710417,-0.0489947833371585
2025-04-08,0.4588,0.6854964874364164,0.2268998983962453
2025-04-09,0.2294,0.6800575270122104,-0.0727406958949262
2025-04-10,0.0,0.6746185665880043,-0.0003565623615963
2025-04-11,0.21075,0.7169755612026895,0.0001585690036423
2025-04-14,0.21075,0.7169755612026895,0.0069744183248166
2025-04-15,0.21075,0.7169755612026895,-0.0494274035985425
2025-04-16,0.21075,0.7169755612026895,-0.0007452201709629
